,Airline,Departure,Destination,Departure Time,Arrival Time,Price
0,SpiceJet,Chennai,New Delhi,18:25,21:10,"8,159"
1,IndiGo,Chennai,New Delhi,07:10,10:00,"8,159"
2,IndiGo,Chennai,New Delhi,08:30,11:20,"8,159"
3,IndiGo,Chennai,New Delhi,17:25,20:15,"8,159"
4,IndiGo,Chennai,New Delhi,20:30,23:20,"8,159"
5,IndiGo,Chennai,New Delhi,23:05,"01:55
+ 1 day","8,159"
6,IndiGo,Chennai,New Delhi,09:50,12:45,"8,159"
7,IndiGo,Chennai,New Delhi,12:55,15:50,"8,159"
8,IndiGo,Chennai,New Delhi,15:40,18:35,"8,159"
9,IndiGo,Chennai,New Delhi,19:10,22:10,"8,159"
10,SpiceJet,Chennai,New Delhi,05:45,08:50,"8,159"
11,Go First,Chennai,New Delhi,02:40,07:45,"8,159"
12,SpiceJet,Chennai,New Delhi,17:05,"00:15
+ 1 day","8,159"
13,Air Asia,Chennai,New Delhi,09:35,17:15,"8,159"
14,Go First,Chennai,New Delhi,22:45,"07:45
+ 1 day","8,159"
15,Air Asia,Chennai,New Delhi,08:10,17:15,"8,159"
16,SpiceJet,Chennai,New Delhi,10:20,20:05,"8,159"
17,SpiceJet,Chennai,New Delhi,21:40,"07:50
+ 1 day","8,159"
18,Air Asia,Chennai,New Delhi,21:40,"08:15
+ 1 day","8,159"
19,Go First,Chennai,New Delhi,20:50,"07:45
+ 1 day","8,159"
20,Go First,Chennai,New Delhi,20:45,"07:45
+ 1 day","8,159"
21,SpiceJet,Chennai,New Delhi,07:05,18:20,"8,159"
22,SpiceJet,Chennai,New Delhi,20:00,"07:15
+ 1 day","8,159"
23,Air Asia,Chennai,New Delhi,21:00,"08:15
+ 1 day","8,159"
24,Air Asia,Chennai,New Delhi,22:35,"10:05
+ 1 day","8,159"
25,SpiceJet,Chennai,New Delhi,19:45,"07:50
+ 1 day","8,159"
26,SpiceJet,Chennai,New Delhi,18:55,"07:50
+ 1 day","8,159"
27,Go First,Chennai,New Delhi,18:40,"07:45
+ 1 day","8,159"
28,Air Asia,Chennai,New Delhi,20:40,"10:05
+ 1 day","8,159"
29,Air Asia,Chennai,New Delhi,18:45,"08:15
+ 1 day","8,159"
30,SpiceJet,Chennai,New Delhi,07:20,21:30,"8,159"
31,SpiceJet,Chennai,New Delhi,09:20,"00:15
+ 1 day","8,159"
32,SpiceJet,Chennai,New Delhi,07:05,23:50,"8,159"
33,SpiceJet,Chennai,New Delhi,19:30,"18:20
+ 1 day","8,159"
34,SpiceJet,Chennai,New Delhi,18:25,"18:20
+ 1 day","8,159"
35,SpiceJet,Chennai,New Delhi,07:20,"07:50
+ 1 day","8,159"
36,Vistara,Chennai,New Delhi,07:00,09:50,"8,160"
37,Vistara,Chennai,New Delhi,19:55,22:45,"8,160"
38,Air India,Chennai,New Delhi,05:55,08:55,"8,160"
39,Air India,Chennai,New Delhi,16:15,19:30,"8,160"
40,Vistara,Chennai,New Delhi,13:30,16:20,"8,580"
41,IndiGo,Chennai,New Delhi,12:45,17:35,"8,684"
42,IndiGo,Chennai,New Delhi,19:30,"00:25
+ 1 day","8,684"
43,IndiGo,Chennai,New Delhi,05:50,10:50,"8,684"
44,IndiGo,Chennai,New Delhi,07:20,12:25,"8,684"
45,IndiGo,Chennai,New Delhi,01:50,07:00,"8,684"
46,IndiGo,Chennai,New Delhi,03:50,09:05,"8,684"
47,IndiGo,Chennai,New Delhi,05:05,10:20,"8,684"
48,IndiGo,Chennai,New Delhi,06:55,12:10,"8,684"
49,IndiGo,Chennai,New Delhi,09:55,15:10,"8,684"
50,IndiGo,Chennai,New Delhi,15:00,20:15,"8,684"
51,IndiGo,Chennai,New Delhi,13:25,19:15,"8,684"
52,IndiGo,Chennai,New Delhi,15:15,21:20,"8,684"
53,IndiGo,Chennai,New Delhi,01:50,08:00,"8,684"
54,IndiGo,Chennai,New Delhi,05:50,12:10,"8,684"
55,IndiGo,Chennai,New Delhi,18:00,"00:25
+ 1 day","8,684"
56,IndiGo,Chennai,New Delhi,12:45,19:15,"8,684"
57,IndiGo,Chennai,New Delhi,09:15,15:55,"8,684"
58,IndiGo,Chennai,New Delhi,13:25,20:15,"8,684"
59,IndiGo,Chennai,New Delhi,03:50,10:50,"8,684"
60,IndiGo,Chennai,New Delhi,15:00,22:05,"8,684"
61,IndiGo,Chennai,New Delhi,07:55,15:10,"8,684"
62,IndiGo,Chennai,New Delhi,12:45,20:15,"8,684"
63,IndiGo,Chennai,New Delhi,08:20,15:55,"8,684"
64,Air India,Chennai,New Delhi,09:45,12:40,"8,685"
65,Air India,Chennai,New Delhi,20:40,23:35,"8,685"
66,SpiceJet,Chennai,New Delhi,06:30,18:25,"8,789"
67,Vistara,Chennai,New Delhi,17:25,20:15,"9,000"
68,Air Asia,Chennai,New Delhi,12:40,22:00,"9,945"
69,IndiGo,Chennai,New Delhi,13:00,18:30,"11,456"
70,IndiGo,Chennai,New Delhi,15:20,20:55,"11,456"
71,IndiGo,Chennai,New Delhi,02:25,08:05,"11,456"
72,IndiGo,Chennai,New Delhi,02:25,09:05,"11,456"
73,IndiGo,Chennai,New Delhi,13:00,19:40,"11,456"
74,IndiGo,Chennai,New Delhi,11:30,18:30,"11,456"
75,IndiGo,Chennai,New Delhi,11:15,18:30,"11,509"
76,Vistara,Chennai,New Delhi,17:45,23:05,"14,250"
77,Vistara,Chennai,New Delhi,14:20,19:55,"14,250"
78,Vistara,Chennai,New Delhi,16:45,23:05,"14,250"
79,Vistara,Chennai,New Delhi,12:50,19:55,"14,250"
80,Vistara,Chennai,New Delhi,15:30,23:05,"14,250"
81,Vistara,Chennai,New Delhi,11:40,19:55,"14,250"
82,Vistara,Chennai,New Delhi,14:20,23:05,"14,250"
83,Vistara,Chennai,New Delhi,10:20,19:55,"14,250"
84,Vistara,Chennai,New Delhi,12:50,23:05,"14,250"
85,Vistara,Chennai,New Delhi,09:30,19:55,"14,250"
86,Vistara,Chennai,New Delhi,21:55,"08:50
+ 1 day","14,250"
87,Vistara,Chennai,New Delhi,08:50,19:55,"14,250"
88,Vistara,Chennai,New Delhi,11:40,23:05,"14,250"
89,Vistara,Chennai,New Delhi,20:40,"08:50
+ 1 day","14,250"
90,Vistara,Chennai,New Delhi,07:30,19:55,"14,250"
91,Vistara,Chennai,New Delhi,10:20,23:05,"14,250"
92,Vistara,Chennai,New Delhi,19:45,"08:50
+ 1 day","14,250"
93,Vistara,Chennai,New Delhi,09:30,23:05,"14,250"
94,Vistara,Chennai,New Delhi,18:55,"08:50
+ 1 day","14,250"
95,Vistara,Chennai,New Delhi,08:50,23:05,"14,250"
96,Vistara,Chennai,New Delhi,17:45,"08:50
+ 1 day","14,250"
97,Air India,Chennai,New Delhi,20:15,"19:15
+ 1 day","14,250"
98,Air India,Chennai,New Delhi,16:45,"19:15
+ 1 day","14,250"
99,Air India,Chennai,New Delhi,21:15,"07:25
+ 1 day","14,670"
100,Air India,Chennai,New Delhi,20:00,"07:25
+ 1 day","14,670"
101,Air India,Chennai,New Delhi,06:50,19:15,"14,670"
102,Air India,Chennai,New Delhi,19:00,"07:25
+ 1 day","14,670"
103,Air India,Chennai,New Delhi,17:50,"07:25
+ 1 day","14,670"
104,Air India,Chennai,New Delhi,14:00,"07:25
+ 1 day","14,670"
105,Air India,Chennai,New Delhi,10:00,"07:25
+ 1 day","14,670"
106,Air India,Chennai,New Delhi,08:00,"07:25
+ 1 day","14,880"
107,Air India,Chennai,New Delhi,07:00,"07:25
+ 1 day","14,880"
108,Air India,Chennai,New Delhi,21:15,"10:55
+ 1 day","15,510"
109,Air India,Chennai,New Delhi,20:00,"10:55
+ 1 day","15,510"
110,Air India,Chennai,New Delhi,19:00,"10:55
+ 1 day","15,510"
111,Air India,Chennai,New Delhi,17:50,"10:55
+ 1 day","15,510"
112,Air India,Chennai,New Delhi,14:00,"10:55
+ 1 day","15,510"
113,Air India,Chennai,New Delhi,10:00,"10:55
+ 1 day","15,510"
114,Air India,Chennai,New Delhi,08:00,"10:55
+ 1 day","15,720"
115,Air India,Chennai,New Delhi,07:00,"10:55
+ 1 day","15,720"
116,Air India,Chennai,New Delhi,15:05,"07:25
+ 1 day","15,930"
117,Air India,Chennai,New Delhi,15:05,"10:55
+ 1 day","16,770"
118,Vistara,Chennai,New Delhi,17:35,"08:50
+ 1 day","17,224"
119,Vistara,Chennai,New Delhi,10:25,"08:50
+ 1 day","17,224"
120,Vistara,Chennai,New Delhi,17:35,"19:55
+ 1 day","17,224"
121,Vistara,Chennai,New Delhi,17:35,"19:55
+ 1 day","17,224"
122,Vistara,Chennai,New Delhi,17:35,"19:55
+ 1 day","17,224"
123,Vistara,Chennai,New Delhi,13:20,23:05,"17,413"
124,Vistara,Chennai,New Delhi,14:45,"08:50
+ 1 day","17,749"
125,Vistara,Chennai,New Delhi,20:35,"19:55
+ 1 day","17,749"
126,Vistara,Chennai,New Delhi,20:35,"19:55
+ 1 day","17,749"
127,Vistara,Chennai,New Delhi,11:45,23:05,"18,463"
128,Vistara,Chennai,New Delhi,09:05,23:05,"18,463"
129,Vistara,Chennai,New Delhi,08:05,23:05,"18,463"
130,Vistara,Chennai,New Delhi,16:05,"08:50
+ 1 day","18,463"
131,Vistara,Chennai,New Delhi,07:05,19:55,"18,799"
132,Air Asia,Chennai,New Delhi,22:35,"09:20
+ 1 day","18,992"
133,Air Asia,Chennai,New Delhi,20:40,"09:20
+ 1 day","18,992"
134,Air India,Chennai,New Delhi,10:45,"07:25
+ 1 day","19,710"
135,Air India,Chennai,New Delhi,22:00,"10:55
+ 1 day","20,550"
136,Vistara,Chennai,New Delhi,14:10,23:05,"25,275"
137,SpiceJet,Chennai,New Delhi,18:25,21:10,"8,159"
138,IndiGo,Chennai,New Delhi,08:30,11:20,"8,159"
139,IndiGo,Chennai,New Delhi,09:50,12:45,"8,159"
140,IndiGo,Chennai,New Delhi,12:55,15:50,"8,159"
141,SpiceJet,Chennai,New Delhi,05:45,08:50,"8,159"
142,Go First,Chennai,New Delhi,02:40,07:45,"8,159"
143,SpiceJet,Chennai,New Delhi,17:05,"00:15
+ 1 day","8,159"
144,Air Asia,Chennai,New Delhi,09:35,17:15,"8,159"
145,Go First,Chennai,New Delhi,22:45,"07:45
+ 1 day","8,159"
146,Air Asia,Chennai,New Delhi,08:10,17:15,"8,159"
147,SpiceJet,Chennai,New Delhi,10:20,20:05,"8,159"
148,Go First,Chennai,New Delhi,21:40,"07:45
+ 1 day","8,159"
149,Air Asia,Chennai,New Delhi,21:40,"08:15
+ 1 day","8,159"
150,Go First,Chennai,New Delhi,20:50,"07:45
+ 1 day","8,159"
151,SpiceJet,Chennai,New Delhi,07:05,18:20,"8,159"
152,SpiceJet,Chennai,New Delhi,20:00,"07:15
+ 1 day","8,159"
153,Air Asia,Chennai,New Delhi,21:00,"08:15
+ 1 day","8,159"
154,Air Asia,Chennai,New Delhi,22:35,"10:05
+ 1 day","8,159"
155,Go First,Chennai,New Delhi,18:40,"07:45
+ 1 day","8,159"
156,Air Asia,Chennai,New Delhi,20:40,"10:05
+ 1 day","8,159"
157,Air Asia,Chennai,New Delhi,18:45,"08:15
+ 1 day","8,159"
158,SpiceJet,Chennai,New Delhi,09:20,"00:15
+ 1 day","8,159"
159,Go First,Chennai,New Delhi,15:45,"07:45
+ 1 day","8,159"
160,SpiceJet,Chennai,New Delhi,07:05,23:50,"8,159"
161,SpiceJet,Chennai,New Delhi,19:30,"18:20
+ 1 day","8,159"
162,SpiceJet,Chennai,New Delhi,18:25,"18:20
+ 1 day","8,159"
163,SpiceJet,Chennai,New Delhi,06:05,"07:15
+ 1 day","8,159"
164,Vistara,Chennai,New Delhi,07:00,09:50,"8,160"
165,Vistara,Chennai,New Delhi,13:30,16:20,"8,160"
166,Air India,Chennai,New Delhi,20:40,23:35,"8,160"
167,Air India,Chennai,New Delhi,05:55,08:55,"8,160"
168,Air India,Chennai,New Delhi,16:15,19:30,"8,160"
169,IndiGo,Chennai,New Delhi,20:30,23:20,"8,369"
170,IndiGo,Chennai,New Delhi,15:40,18:35,"8,369"
171,Vistara,Chennai,New Delhi,17:25,20:15,"8,580"
172,Vistara,Chennai,New Delhi,19:55,22:45,"8,580"
173,IndiGo,Chennai,New Delhi,17:25,20:15,"8,684"
174,IndiGo,Chennai,New Delhi,23:05,"01:55
+ 1 day","8,684"
175,IndiGo,Chennai,New Delhi,19:10,22:10,"8,684"
176,IndiGo,Chennai,New Delhi,12:45,17:35,"8,684"
177,IndiGo,Chennai,New Delhi,19:30,"00:25
+ 1 day","8,684"
178,IndiGo,Chennai,New Delhi,05:20,10:20,"8,684"
179,IndiGo,Chennai,New Delhi,05:50,10:50,"8,684"
180,IndiGo,Chennai,New Delhi,07:20,12:25,"8,684"
181,IndiGo,Chennai,New Delhi,01:50,07:00,"8,684"
182,IndiGo,Chennai,New Delhi,05:05,10:20,"8,684"
183,IndiGo,Chennai,New Delhi,06:55,12:10,"8,684"
184,IndiGo,Chennai,New Delhi,09:55,15:10,"8,684"
185,IndiGo,Chennai,New Delhi,15:00,20:15,"8,684"
186,IndiGo,Chennai,New Delhi,13:25,19:15,"8,684"
187,IndiGo,Chennai,New Delhi,15:15,21:20,"8,684"
188,IndiGo,Chennai,New Delhi,01:50,08:00,"8,684"
189,IndiGo,Chennai,New Delhi,05:50,12:10,"8,684"
190,IndiGo,Chennai,New Delhi,18:00,"00:25
+ 1 day","8,684"
191,IndiGo,Chennai,New Delhi,12:45,19:15,"8,684"
192,IndiGo,Chennai,New Delhi,02:25,09:05,"8,684"
193,IndiGo,Chennai,New Delhi,09:15,15:55,"8,684"
194,IndiGo,Chennai,New Delhi,13:25,20:15,"8,684"
195,IndiGo,Chennai,New Delhi,11:30,18:30,"8,684"
196,IndiGo,Chennai,New Delhi,15:00,22:05,"8,684"
197,IndiGo,Chennai,New Delhi,07:55,15:10,"8,684"
198,IndiGo,Chennai,New Delhi,12:45,20:15,"8,684"
199,IndiGo,Chennai,New Delhi,08:20,15:55,"8,684"
200,IndiGo,Chennai,New Delhi,09:55,17:35,"8,684"
201,Air India,Chennai,New Delhi,09:45,12:40,"8,685"
202,IndiGo,Chennai,New Delhi,15:20,20:55,"9,608"
203,IndiGo,Chennai,New Delhi,12:45,20:35,"9,608"
204,IndiGo,Chennai,New Delhi,11:15,18:30,"9,661"
205,Air Asia,Chennai,New Delhi,12:40,22:00,"9,945"
206,IndiGo,Chennai,New Delhi,13:00,18:30,"10,532"
207,IndiGo,Chennai,New Delhi,13:00,19:40,"10,532"
208,Air India,Chennai,New Delhi,05:15,"19:15
+ 1 day","13,947"
209,Vistara,Chennai,New Delhi,14:55,19:50,"14,250"
210,Vistara,Chennai,New Delhi,17:45,23:05,"14,250"
211,Vistara,Chennai,New Delhi,16:45,23:05,"14,250"
212,Vistara,Chennai,New Delhi,15:30,23:05,"14,250"
213,Vistara,Chennai,New Delhi,14:55,23:05,"14,250"
214,Air India,Chennai,New Delhi,22:15,"07:25
+ 1 day","14,250"
215,Air India,Chennai,New Delhi,21:15,"07:25
+ 1 day","14,250"
216,Air India,Chennai,New Delhi,21:00,"07:25
+ 1 day","14,250"
217,Vistara,Chennai,New Delhi,21:30,"08:50
+ 1 day","14,250"
218,Vistara,Chennai,New Delhi,20:40,"08:50
+ 1 day","14,250"
219,Vistara,Chennai,New Delhi,07:30,19:50,"14,250"
220,Air India,Chennai,New Delhi,06:50,19:15,"14,250"
221,Vistara,Chennai,New Delhi,19:45,"08:50
+ 1 day","14,250"
222,Air India,Chennai,New Delhi,17:50,"07:25
+ 1 day","14,250"
223,Vistara,Chennai,New Delhi,06:00,19:50,"14,250"
224,Vistara,Chennai,New Delhi,18:55,"08:50
+ 1 day","14,250"
225,Vistara,Chennai,New Delhi,21:30,"11:50
+ 1 day","14,250"
226,Vistara,Chennai,New Delhi,17:45,"08:50
+ 1 day","14,250"
227,Vistara,Chennai,New Delhi,20:40,"11:50
+ 1 day","14,250"
228,Vistara,Chennai,New Delhi,07:30,23:05,"14,250"
229,Vistara,Chennai,New Delhi,16:45,"08:50
+ 1 day","14,250"
230,Vistara,Chennai,New Delhi,19:45,"11:50
+ 1 day","14,250"
231,Vistara,Chennai,New Delhi,18:55,"11:50
+ 1 day","14,250"
232,Vistara,Chennai,New Delhi,06:00,23:05,"14,250"
233,Vistara,Chennai,New Delhi,15:30,"08:50
+ 1 day","14,250"
234,Vistara,Chennai,New Delhi,21:30,"19:50
+ 1 day","14,250"
235,Air India,Chennai,New Delhi,20:15,"19:15
+ 1 day","14,250"
236,Vistara,Chennai,New Delhi,20:40,"19:50
+ 1 day","14,250"
237,Air India,Chennai,New Delhi,08:00,"07:25
+ 1 day","14,250"
238,Vistara,Chennai,New Delhi,19:45,"19:50
+ 1 day","14,250"
239,Air India,Chennai,New Delhi,07:00,"07:25
+ 1 day","14,250"
240,Vistara,Chennai,New Delhi,18:55,"19:50
+ 1 day","14,250"
241,Air India,Chennai,New Delhi,16:45,"19:15
+ 1 day","14,250"
242,Air India,Chennai,New Delhi,22:15,"10:55
+ 1 day","14,670"
243,Air India,Chennai,New Delhi,21:15,"10:55
+ 1 day","14,670"
244,Air India,Chennai,New Delhi,21:00,"10:55
+ 1 day","14,670"
245,Air India,Chennai,New Delhi,15:05,"07:25
+ 1 day","14,670"
246,Air India,Chennai,New Delhi,17:50,"10:55
+ 1 day","14,670"
247,Air India,Chennai,New Delhi,08:00,"10:55
+ 1 day","14,670"
248,Air India,Chennai,New Delhi,07:00,"10:55
+ 1 day","14,670"
249,SpiceJet,Chennai,New Delhi,21:40,"21:30
+ 1 day","15,057"
250,Air India,Chennai,New Delhi,15:00,"07:25
+ 1 day","15,090"
251,Air India,Chennai,New Delhi,15:05,"10:55
+ 1 day","15,090"
252,Air India,Chennai,New Delhi,15:00,"10:55
+ 1 day","15,510"
253,Vistara,Chennai,New Delhi,11:10,23:05,"17,539"
254,Vistara,Chennai,New Delhi,20:40,"11:50
+ 1 day","18,463"
255,Air Asia,Chennai,New Delhi,22:35,"09:20
+ 1 day","19,086"
256,Air Asia,Chennai,New Delhi,20:40,"09:20
+ 1 day","19,086"
257,Air India,Chennai,New Delhi,22:00,"10:55
+ 1 day","19,710"
258,SpiceJet,Chennai,New Delhi,06:30,18:25,"20,129"
259,Air India,Chennai,New Delhi,09:30,19:15,"21,771"
260,SpiceJet,Chennai,New Delhi,19:45,"21:30
+ 1 day","22,513"
261,SpiceJet,Chennai,New Delhi,18:55,"21:30
+ 1 day","22,513"
262,Vistara,Chennai,New Delhi,10:30,23:05,"26,535"
263,Vistara,Chennai,New Delhi,14:10,23:05,"27,060"
264,Air India,Chennai,New Delhi,16:50,"07:25
+ 1 day","27,375"
265,Air India,Chennai,New Delhi,16:50,"10:55
+ 1 day","27,795"
266,SpiceJet,Chennai,New Delhi,18:25,21:10,"8,159"
267,IndiGo,Chennai,New Delhi,07:10,10:00,"8,159"
268,IndiGo,Chennai,New Delhi,08:30,11:20,"8,159"
269,IndiGo,Chennai,New Delhi,12:55,15:50,"8,159"
270,SpiceJet,Chennai,New Delhi,05:45,08:50,"8,159"
271,Go First,Chennai,New Delhi,02:40,07:45,"8,159"
272,SpiceJet,Chennai,New Delhi,17:05,"00:15
+ 1 day","8,159"
273,Air Asia,Chennai,New Delhi,09:35,17:15,"8,159"
274,Go First,Chennai,New Delhi,22:45,"07:45
+ 1 day","8,159"
275,Air Asia,Chennai,New Delhi,08:10,17:15,"8,159"
276,SpiceJet,Chennai,New Delhi,10:20,20:05,"8,159"
277,Air Asia,Chennai,New Delhi,21:40,"08:15
+ 1 day","8,159"
278,Go First,Chennai,New Delhi,20:50,"07:45
+ 1 day","8,159"
279,SpiceJet,Chennai,New Delhi,07:05,18:20,"8,159"
280,SpiceJet,Chennai,New Delhi,20:00,"07:15
+ 1 day","8,159"
281,Air Asia,Chennai,New Delhi,21:00,"08:15
+ 1 day","8,159"
282,Air Asia,Chennai,New Delhi,22:35,"10:05
+ 1 day","8,159"
283,Go First,Chennai,New Delhi,19:50,"07:45
+ 1 day","8,159"
284,Go First,Chennai,New Delhi,18:40,"07:45
+ 1 day","8,159"
285,Air Asia,Chennai,New Delhi,20:40,"10:05
+ 1 day","8,159"
286,Air Asia,Chennai,New Delhi,18:45,"08:15
+ 1 day","8,159"
287,SpiceJet,Chennai,New Delhi,07:20,21:30,"8,159"
288,SpiceJet,Chennai,New Delhi,09:20,"00:15
+ 1 day","8,159"
289,Go First,Chennai,New Delhi,15:45,"07:45
+ 1 day","8,159"
290,SpiceJet,Chennai,New Delhi,07:05,23:50,"8,159"
291,SpiceJet,Chennai,New Delhi,19:30,"18:20
+ 1 day","8,159"
292,SpiceJet,Chennai,New Delhi,21:40,"21:30
+ 1 day","8,159"
293,SpiceJet,Chennai,New Delhi,18:25,"18:20
+ 1 day","8,159"
294,SpiceJet,Chennai,New Delhi,06:05,"07:15
+ 1 day","8,159"
295,SpiceJet,Chennai,New Delhi,19:45,"21:30
+ 1 day","8,159"
296,SpiceJet,Chennai,New Delhi,18:55,"21:30
+ 1 day","8,159"
297,Vistara,Chennai,New Delhi,07:00,09:50,"8,160"
298,Vistara,Chennai,New Delhi,17:25,20:15,"8,160"
299,Air India,Chennai,New Delhi,20:40,23:35,"8,160"
300,Air India,Chennai,New Delhi,16:15,19:30,"8,160"
301,IndiGo,Chennai,New Delhi,17:25,20:15,"8,369"
302,IndiGo,Chennai,New Delhi,19:10,22:10,"8,369"
303,Vistara,Chennai,New Delhi,13:30,16:20,"8,580"
304,Vistara,Chennai,New Delhi,19:55,22:45,"8,580"
305,IndiGo,Chennai,New Delhi,20:30,23:20,"8,684"
306,IndiGo,Chennai,New Delhi,15:40,18:35,"8,684"
307,IndiGo,Chennai,New Delhi,12:45,17:35,"8,684"
308,IndiGo,Chennai,New Delhi,19:30,"00:25
+ 1 day","8,684"
309,IndiGo,Chennai,New Delhi,05:20,10:20,"8,684"
310,IndiGo,Chennai,New Delhi,05:50,10:50,"8,684"
311,IndiGo,Chennai,New Delhi,07:20,12:25,"8,684"
312,IndiGo,Chennai,New Delhi,01:50,07:00,"8,684"
313,IndiGo,Chennai,New Delhi,03:50,09:05,"8,684"
314,IndiGo,Chennai,New Delhi,05:05,10:20,"8,684"
315,IndiGo,Chennai,New Delhi,06:55,12:10,"8,684"
316,IndiGo,Chennai,New Delhi,09:55,15:10,"8,684"
317,IndiGo,Chennai,New Delhi,15:00,20:15,"8,684"
318,IndiGo,Chennai,New Delhi,15:20,20:55,"8,684"
319,IndiGo,Chennai,New Delhi,13:25,19:15,"8,684"
320,IndiGo,Chennai,New Delhi,15:15,21:20,"8,684"
321,IndiGo,Chennai,New Delhi,01:50,08:00,"8,684"
322,IndiGo,Chennai,New Delhi,05:50,12:10,"8,684"
323,IndiGo,Chennai,New Delhi,18:00,"00:25
+ 1 day","8,684"
324,IndiGo,Chennai,New Delhi,12:45,19:15,"8,684"
325,IndiGo,Chennai,New Delhi,09:15,15:55,"8,684"
326,IndiGo,Chennai,New Delhi,13:25,20:15,"8,684"
327,IndiGo,Chennai,New Delhi,03:50,10:50,"8,684"
328,IndiGo,Chennai,New Delhi,11:30,18:30,"8,684"
329,IndiGo,Chennai,New Delhi,15:00,22:05,"8,684"
330,IndiGo,Chennai,New Delhi,07:55,15:10,"8,684"
331,IndiGo,Chennai,New Delhi,12:45,20:15,"8,684"
332,IndiGo,Chennai,New Delhi,11:15,18:30,"8,737"
333,IndiGo,Chennai,New Delhi,09:50,12:45,"8,999"
334,Air Asia,Chennai,New Delhi,12:40,22:00,"9,945"
335,IndiGo,Chennai,New Delhi,13:00,18:30,"10,532"
336,IndiGo,Chennai,New Delhi,13:00,19:40,"10,532"
337,Air India,Chennai,New Delhi,09:45,12:40,"11,100"
338,IndiGo,Chennai,New Delhi,02:25,08:05,"11,456"
339,IndiGo,Chennai,New Delhi,23:05,"01:55
+ 1 day","11,939"
340,IndiGo,Chennai,New Delhi,02:25,09:05,"12,380"
341,Air India,Chennai,New Delhi,05:15,"19:15
+ 1 day","13,653"
342,Vistara,Chennai,New Delhi,17:45,23:05,"14,250"
343,Vistara,Chennai,New Delhi,14:20,19:50,"14,250"
344,Vistara,Chennai,New Delhi,06:00,11:50,"14,250"
345,Vistara,Chennai,New Delhi,16:45,23:05,"14,250"
346,Vistara,Chennai,New Delhi,12:50,19:50,"14,250"
347,Vistara,Chennai,New Delhi,15:30,23:05,"14,250"
348,Vistara,Chennai,New Delhi,11:40,19:50,"14,250"
349,Vistara,Chennai,New Delhi,14:20,23:05,"14,250"
350,Vistara,Chennai,New Delhi,10:20,19:50,"14,250"
351,Air India,Chennai,New Delhi,21:15,"07:25
+ 1 day","14,250"
352,Vistara,Chennai,New Delhi,12:50,23:05,"14,250"
353,Vistara,Chennai,New Delhi,09:30,19:50,"14,250"
354,Vistara,Chennai,New Delhi,08:50,19:50,"14,250"
355,Vistara,Chennai,New Delhi,21:30,"08:50
+ 1 day","14,250"
356,Vistara,Chennai,New Delhi,11:40,23:05,"14,250"
357,Air India,Chennai,New Delhi,20:00,"07:25
+ 1 day","14,250"
358,Vistara,Chennai,New Delhi,20:40,"08:50
+ 1 day","14,250"
359,Vistara,Chennai,New Delhi,07:30,19:50,"14,250"
360,Air India,Chennai,New Delhi,06:50,19:15,"14,250"
361,Air India,Chennai,New Delhi,19:00,"07:25
+ 1 day","14,250"
362,Vistara,Chennai,New Delhi,10:20,23:05,"14,250"
363,Vistara,Chennai,New Delhi,19:45,"08:50
+ 1 day","14,250"
364,Vistara,Chennai,New Delhi,09:30,23:05,"14,250"
365,Air India,Chennai,New Delhi,17:50,"07:25
+ 1 day","14,250"
366,Vistara,Chennai,New Delhi,06:00,19:50,"14,250"
367,Vistara,Chennai,New Delhi,18:55,"08:50
+ 1 day","14,250"
368,Vistara,Chennai,New Delhi,08:50,23:05,"14,250"
369,Vistara,Chennai,New Delhi,21:30,"11:50
+ 1 day","14,250"
370,Vistara,Chennai,New Delhi,17:45,"08:50
+ 1 day","14,250"
371,Vistara,Chennai,New Delhi,20:40,"11:50
+ 1 day","14,250"
372,Vistara,Chennai,New Delhi,07:30,23:05,"14,250"
373,Vistara,Chennai,New Delhi,16:45,"08:50
+ 1 day","14,250"
374,Vistara,Chennai,New Delhi,19:45,"11:50
+ 1 day","14,250"
375,Vistara,Chennai,New Delhi,18:55,"11:50
+ 1 day","14,250"
376,Vistara,Chennai,New Delhi,06:00,23:05,"14,250"
377,Vistara,Chennai,New Delhi,15:30,"08:50
+ 1 day","14,250"
378,Air India,Chennai,New Delhi,14:00,"07:25
+ 1 day","14,250"
379,Air India,Chennai,New Delhi,10:00,"07:25
+ 1 day","14,250"
380,Vistara,Chennai,New Delhi,21:30,"19:50
+ 1 day","14,250"
381,Air India,Chennai,New Delhi,20:15,"19:15
+ 1 day","14,250"
382,Vistara,Chennai,New Delhi,20:40,"19:50
+ 1 day","14,250"
383,Air India,Chennai,New Delhi,08:00,"07:25
+ 1 day","14,250"
384,Vistara,Chennai,New Delhi,19:45,"19:50
+ 1 day","14,250"
385,Air India,Chennai,New Delhi,07:00,"07:25
+ 1 day","14,250"
386,Vistara,Chennai,New Delhi,18:55,"19:50
+ 1 day","14,250"
387,Air India,Chennai,New Delhi,15:05,"07:25
+ 1 day","14,670"
388,Air India,Chennai,New Delhi,16:45,"19:15
+ 1 day","14,670"
389,Air India,Chennai,New Delhi,21:15,"10:55
+ 1 day","16,035"
390,Air India,Chennai,New Delhi,20:00,"10:55
+ 1 day","16,035"
391,Air India,Chennai,New Delhi,19:00,"10:55
+ 1 day","16,035"
392,Air India,Chennai,New Delhi,17:50,"10:55
+ 1 day","16,035"
393,Air India,Chennai,New Delhi,14:00,"10:55
+ 1 day","16,035"
394,Air India,Chennai,New Delhi,10:00,"10:55
+ 1 day","16,035"
395,Air India,Chennai,New Delhi,08:00,"10:55
+ 1 day","16,035"
396,Air India,Chennai,New Delhi,07:00,"10:55
+ 1 day","16,035"
397,Air India,Chennai,New Delhi,15:05,"10:55
+ 1 day","16,455"
398,Vistara,Chennai,New Delhi,13:20,23:05,"18,253"
399,Vistara,Chennai,New Delhi,11:45,23:05,"18,463"
400,SpiceJet,Chennai,New Delhi,06:30,18:25,"18,869"
401,Air Asia,Chennai,New Delhi,22:35,"09:20
+ 1 day","19,086"
402,Air Asia,Chennai,New Delhi,20:40,"09:20
+ 1 day","19,086"
403,Vistara,Chennai,New Delhi,14:15,23:05,"19,303"
404,Air India,Chennai,New Delhi,13:30,"07:25
+ 1 day","20,970"
405,Air India,Chennai,New Delhi,22:00,"10:55
+ 1 day","21,075"
406,Vistara,Chennai,New Delhi,14:10,23:05,"25,275"
407,Air India,Chennai,New Delhi,16:50,"07:25
+ 1 day","27,375"
408,Air India,Chennai,New Delhi,16:50,"10:55
+ 1 day","29,160"
409,SpiceJet,Chennai,New Delhi,18:25,21:10,"8,159"
410,IndiGo,Chennai,New Delhi,07:10,10:00,"8,159"
411,IndiGo,Chennai,New Delhi,08:30,11:20,"8,159"
412,IndiGo,Chennai,New Delhi,20:30,23:20,"8,159"
413,IndiGo,Chennai,New Delhi,23:05,"01:55
+ 1 day","8,159"
414,IndiGo,Chennai,New Delhi,09:50,12:45,"8,159"
415,IndiGo,Chennai,New Delhi,12:55,15:50,"8,159"
416,IndiGo,Chennai,New Delhi,19:10,22:10,"8,159"
417,SpiceJet,Chennai,New Delhi,05:45,08:50,"8,159"
418,Go First,Chennai,New Delhi,02:40,07:45,"8,159"
419,SpiceJet,Chennai,New Delhi,17:05,"00:15
+ 1 day","8,159"
420,Air Asia,Chennai,New Delhi,09:35,17:15,"8,159"
421,Go First,Chennai,New Delhi,22:45,"07:45
+ 1 day","8,159"
422,Air Asia,Chennai,New Delhi,08:10,17:15,"8,159"
423,SpiceJet,Chennai,New Delhi,10:20,20:05,"8,159"
424,Air Asia,Chennai,New Delhi,21:40,"08:15
+ 1 day","8,159"
425,Go First,Chennai,New Delhi,20:50,"07:45
+ 1 day","8,159"
426,SpiceJet,Chennai,New Delhi,07:05,18:20,"8,159"
427,SpiceJet,Chennai,New Delhi,20:00,"07:15
+ 1 day","8,159"
428,Air Asia,Chennai,New Delhi,21:00,"08:15
+ 1 day","8,159"
429,Air Asia,Chennai,New Delhi,22:35,"10:05
+ 1 day","8,159"
430,Go First,Chennai,New Delhi,20:00,"07:45
+ 1 day","8,159"
431,Go First,Chennai,New Delhi,18:40,"07:45
+ 1 day","8,159"
432,Air Asia,Chennai,New Delhi,20:40,"10:05
+ 1 day","8,159"
433,Air Asia,Chennai,New Delhi,18:45,"08:15
+ 1 day","8,159"
434,SpiceJet,Chennai,New Delhi,07:20,21:30,"8,159"
435,SpiceJet,Chennai,New Delhi,09:20,"00:15
+ 1 day","8,159"
436,Go First,Chennai,New Delhi,15:45,"07:45
+ 1 day","8,159"
437,SpiceJet,Chennai,New Delhi,07:05,23:50,"8,159"
438,SpiceJet,Chennai,New Delhi,19:30,"18:20
+ 1 day","8,159"
439,SpiceJet,Chennai,New Delhi,21:40,"21:30
+ 1 day","8,159"
440,SpiceJet,Chennai,New Delhi,18:25,"18:20
+ 1 day","8,159"
441,SpiceJet,Chennai,New Delhi,06:05,"07:15
+ 1 day","8,159"
442,SpiceJet,Chennai,New Delhi,19:45,"21:30
+ 1 day","8,159"
443,SpiceJet,Chennai,New Delhi,18:55,"21:30
+ 1 day","8,159"
444,Air India,Chennai,New Delhi,09:45,12:40,"8,160"
445,Air India,Chennai,New Delhi,20:40,23:35,"8,160"
446,Air India,Chennai,New Delhi,05:55,08:55,"8,160"
447,Air India,Chennai,New Delhi,16:15,19:30,"8,160"
448,IndiGo,Chennai,New Delhi,17:25,20:15,"8,369"
449,Vistara,Chennai,New Delhi,13:30,16:20,"8,580"
450,Vistara,Chennai,New Delhi,19:55,22:45,"8,580"
451,IndiGo,Chennai,New Delhi,15:40,18:35,"8,684"
452,IndiGo,Chennai,New Delhi,12:45,17:35,"8,684"
453,IndiGo,Chennai,New Delhi,19:30,"00:25
+ 1 day","8,684"
454,IndiGo,Chennai,New Delhi,05:20,10:20,"8,684"
455,IndiGo,Chennai,New Delhi,05:50,10:50,"8,684"
456,IndiGo,Chennai,New Delhi,01:50,07:00,"8,684"
457,IndiGo,Chennai,New Delhi,03:50,09:05,"8,684"
458,IndiGo,Chennai,New Delhi,05:05,10:20,"8,684"
459,IndiGo,Chennai,New Delhi,06:55,12:10,"8,684"
460,IndiGo,Chennai,New Delhi,09:55,15:10,"8,684"
461,IndiGo,Chennai,New Delhi,15:00,20:15,"8,684"
462,IndiGo,Chennai,New Delhi,15:20,20:55,"8,684"
463,IndiGo,Chennai,New Delhi,17:00,22:45,"8,684"
464,IndiGo,Chennai,New Delhi,13:25,19:15,"8,684"
465,IndiGo,Chennai,New Delhi,15:15,21:20,"8,684"
466,IndiGo,Chennai,New Delhi,01:50,08:00,"8,684"
467,IndiGo,Chennai,New Delhi,05:50,12:10,"8,684"
468,IndiGo,Chennai,New Delhi,18:00,"00:25
+ 1 day","8,684"
469,IndiGo,Chennai,New Delhi,12:45,19:15,"8,684"
470,IndiGo,Chennai,New Delhi,02:25,09:05,"8,684"
471,IndiGo,Chennai,New Delhi,09:15,15:55,"8,684"
472,IndiGo,Chennai,New Delhi,13:25,20:15,"8,684"
473,IndiGo,Chennai,New Delhi,03:50,10:50,"8,684"
474,IndiGo,Chennai,New Delhi,11:30,18:30,"8,684"
475,IndiGo,Chennai,New Delhi,15:00,22:05,"8,684"
476,IndiGo,Chennai,New Delhi,07:55,15:10,"8,684"
477,IndiGo,Chennai,New Delhi,12:45,20:15,"8,684"
478,IndiGo,Chennai,New Delhi,11:15,18:30,"8,737"
479,Vistara,Chennai,New Delhi,07:00,09:50,"9,420"
480,Air Asia,Chennai,New Delhi,12:40,22:00,"9,945"
481,Vistara,Chennai,New Delhi,17:25,20:15,"10,050"
482,IndiGo,Chennai,New Delhi,07:20,12:25,"10,532"
483,IndiGo,Chennai,New Delhi,13:00,18:30,"10,532"
484,IndiGo,Chennai,New Delhi,13:00,19:40,"10,532"
485,Vistara,Chennai,New Delhi,17:45,23:05,"14,250"
486,Vistara,Chennai,New Delhi,14:20,19:50,"14,250"
487,Vistara,Chennai,New Delhi,06:00,11:50,"14,250"
488,Vistara,Chennai,New Delhi,16:45,23:05,"14,250"
489,Vistara,Chennai,New Delhi,12:50,19:50,"14,250"
490,Vistara,Chennai,New Delhi,15:30,23:05,"14,250"
491,Vistara,Chennai,New Delhi,14:20,23:05,"14,250"
492,Vistara,Chennai,New Delhi,10:20,19:50,"14,250"
493,Air India,Chennai,New Delhi,21:15,"07:25
+ 1 day","14,250"
494,Vistara,Chennai,New Delhi,12:50,23:05,"14,250"
495,Vistara,Chennai,New Delhi,09:30,19:50,"14,250"
496,Vistara,Chennai,New Delhi,08:50,19:50,"14,250"
497,Vistara,Chennai,New Delhi,21:30,"08:50
+ 1 day","14,250"
498,Vistara,Chennai,New Delhi,07:30,19:50,"14,250"
499,Air India,Chennai,New Delhi,06:50,19:15,"14,250"
500,Air India,Chennai,New Delhi,19:00,"07:25
+ 1 day","14,250"
501,Vistara,Chennai,New Delhi,10:20,23:05,"14,250"
502,Vistara,Chennai,New Delhi,19:45,"08:50
+ 1 day","14,250"
503,Vistara,Chennai,New Delhi,09:30,23:05,"14,250"
504,Air India,Chennai,New Delhi,17:50,"07:25
+ 1 day","14,250"
505,Vistara,Chennai,New Delhi,06:00,19:50,"14,250"
506,Vistara,Chennai,New Delhi,18:55,"08:50
+ 1 day","14,250"
507,Vistara,Chennai,New Delhi,08:50,23:05,"14,250"
508,Vistara,Chennai,New Delhi,21:30,"11:50
+ 1 day","14,250"
509,Vistara,Chennai,New Delhi,17:45,"08:50
+ 1 day","14,250"
510,Vistara,Chennai,New Delhi,07:30,23:05,"14,250"
511,Vistara,Chennai,New Delhi,16:45,"08:50
+ 1 day","14,250"
512,Vistara,Chennai,New Delhi,19:45,"11:50
+ 1 day","14,250"
513,Vistara,Chennai,New Delhi,18:55,"11:50
+ 1 day","14,250"
514,Vistara,Chennai,New Delhi,06:00,23:05,"14,250"
515,Vistara,Chennai,New Delhi,15:30,"08:50
+ 1 day","14,250"
516,Air India,Chennai,New Delhi,14:00,"07:25
+ 1 day","14,250"
517,Air India,Chennai,New Delhi,08:00,"07:25
+ 1 day","14,250"
518,Air India,Chennai,New Delhi,07:00,"07:25
+ 1 day","14,250"
519,Air India,Chennai,New Delhi,20:15,"19:15
+ 1 day","14,460"
520,Air India,Chennai,New Delhi,20:00,"07:25
+ 1 day","14,670"
521,Air India,Chennai,New Delhi,15:05,"07:25
+ 1 day","14,670"
522,Vistara,Chennai,New Delhi,20:40,"08:50
+ 1 day","14,775"
523,Vistara,Chennai,New Delhi,20:40,"11:50
+ 1 day","14,775"
524,Air India,Chennai,New Delhi,16:45,"19:15
+ 1 day","14,880"
525,Air India,Chennai,New Delhi,10:00,"07:25
+ 1 day","15,090"
526,Vistara,Chennai,New Delhi,11:40,19:50,"15,300"
527,Vistara,Chennai,New Delhi,11:40,23:05,"15,300"
528,Vistara,Chennai,New Delhi,21:30,"19:50
+ 1 day","15,300"
529,Vistara,Chennai,New Delhi,19:45,"19:50
+ 1 day","15,300"
530,Vistara,Chennai,New Delhi,18:55,"19:50
+ 1 day","15,300"
531,Vistara,Chennai,New Delhi,20:40,"19:50
+ 1 day","15,825"
532,Air India,Chennai,New Delhi,21:15,"10:55
+ 1 day","17,295"
533,Air India,Chennai,New Delhi,19:00,"10:55
+ 1 day","17,295"
534,Air India,Chennai,New Delhi,17:50,"10:55
+ 1 day","17,295"
535,Air India,Chennai,New Delhi,14:00,"10:55
+ 1 day","17,295"
536,Air India,Chennai,New Delhi,08:00,"10:55
+ 1 day","17,295"
537,Air India,Chennai,New Delhi,07:00,"10:55
+ 1 day","17,295"
538,Air India,Chennai,New Delhi,20:00,"10:55
+ 1 day","17,715"
539,Air India,Chennai,New Delhi,15:05,"10:55
+ 1 day","17,715"
540,Air India,Chennai,New Delhi,10:00,"10:55
+ 1 day","18,135"
541,Vistara,Chennai,New Delhi,13:20,23:05,"18,253"
542,Vistara,Chennai,New Delhi,14:15,23:05,"18,463"
543,Vistara,Chennai,New Delhi,11:45,23:05,"18,463"
544,Air Asia,Chennai,New Delhi,22:35,"09:20
+ 1 day","19,086"
545,Air Asia,Chennai,New Delhi,20:40,"09:20
+ 1 day","19,086"
546,Air India,Chennai,New Delhi,09:30,19:15,"21,915"
547,Air India,Chennai,New Delhi,22:00,"10:55
+ 1 day","22,335"
548,SpiceJet,Chennai,New Delhi,06:30,18:25,"23,279"
549,Vistara,Chennai,New Delhi,14:10,23:05,"27,060"
550,Air India,Chennai,New Delhi,17:15,"07:25
+ 1 day","27,375"
551,Air India,Chennai,New Delhi,17:15,"10:55
+ 1 day","30,420"
552,SpiceJet,Chennai,New Delhi,18:25,21:10,"8,159"
553,IndiGo,Chennai,New Delhi,07:10,10:00,"8,159"
554,IndiGo,Chennai,New Delhi,08:30,11:20,"8,159"
555,SpiceJet,Chennai,New Delhi,05:45,08:50,"8,159"
556,Go First,Chennai,New Delhi,02:40,07:45,"8,159"
557,SpiceJet,Chennai,New Delhi,17:05,"00:15
+ 1 day","8,159"
558,Air Asia,Chennai,New Delhi,09:35,17:15,"8,159"
559,Go First,Chennai,New Delhi,22:45,"07:45
+ 1 day","8,159"
560,Air Asia,Chennai,New Delhi,08:10,17:15,"8,159"
561,SpiceJet,Chennai,New Delhi,10:20,20:05,"8,159"
562,Go First,Chennai,New Delhi,21:40,"07:45
+ 1 day","8,159"
563,SpiceJet,Chennai,New Delhi,21:40,"07:50
+ 1 day","8,159"
564,Air Asia,Chennai,New Delhi,21:40,"08:15
+ 1 day","8,159"
565,Go First,Chennai,New Delhi,20:50,"07:45
+ 1 day","8,159"
566,SpiceJet,Chennai,New Delhi,07:05,18:20,"8,159"
567,SpiceJet,Chennai,New Delhi,20:00,"07:15
+ 1 day","8,159"
568,Air Asia,Chennai,New Delhi,21:00,"08:15
+ 1 day","8,159"
569,Air Asia,Chennai,New Delhi,22:35,"10:05
+ 1 day","8,159"
570,SpiceJet,Chennai,New Delhi,19:45,"07:50
+ 1 day","8,159"
571,SpiceJet,Chennai,New Delhi,18:55,"07:50
+ 1 day","8,159"
572,Go First,Chennai,New Delhi,18:40,"07:45
+ 1 day","8,159"
573,Air Asia,Chennai,New Delhi,20:40,"10:05
+ 1 day","8,159"
574,Air Asia,Chennai,New Delhi,18:45,"08:15
+ 1 day","8,159"
575,SpiceJet,Chennai,New Delhi,07:20,21:30,"8,159"
576,SpiceJet,Chennai,New Delhi,09:20,"00:15
+ 1 day","8,159"
577,Go First,Chennai,New Delhi,15:45,"07:45
+ 1 day","8,159"
578,SpiceJet,Chennai,New Delhi,07:05,23:50,"8,159"
579,SpiceJet,Chennai,New Delhi,19:30,"18:20
+ 1 day","8,159"
580,SpiceJet,Chennai,New Delhi,21:40,"21:30
+ 1 day","8,159"
581,SpiceJet,Chennai,New Delhi,18:25,"18:20
+ 1 day","8,159"
582,SpiceJet,Chennai,New Delhi,07:20,"07:50
+ 1 day","8,159"
583,Vistara,Chennai,New Delhi,07:00,09:50,"8,160"
584,Air India,Chennai,New Delhi,09:45,12:40,"8,160"
585,Air India,Chennai,New Delhi,05:55,08:55,"8,160"
586,IndiGo,Chennai,New Delhi,17:25,20:15,"8,369"
587,IndiGo,Chennai,New Delhi,20:30,23:20,"8,369"
588,IndiGo,Chennai,New Delhi,09:50,12:45,"8,369"
589,IndiGo,Chennai,New Delhi,12:55,15:50,"8,369"
590,Air India,Chennai,New Delhi,20:40,23:35,"8,370"
591,Vistara,Chennai,New Delhi,13:30,16:20,"8,580"
592,IndiGo,Chennai,New Delhi,23:05,"01:55
+ 1 day","8,684"
593,IndiGo,Chennai,New Delhi,19:10,22:10,"8,684"
594,IndiGo,Chennai,New Delhi,12:45,17:35,"8,684"
595,IndiGo,Chennai,New Delhi,05:50,10:50,"8,684"
596,IndiGo,Chennai,New Delhi,07:20,12:25,"8,684"
597,IndiGo,Chennai,New Delhi,01:50,07:00,"8,684"
598,IndiGo,Chennai,New Delhi,03:50,09:05,"8,684"
599,IndiGo,Chennai,New Delhi,05:05,10:20,"8,684"
600,IndiGo,Chennai,New Delhi,06:55,12:10,"8,684"
601,IndiGo,Chennai,New Delhi,09:55,15:10,"8,684"
602,IndiGo,Chennai,New Delhi,15:00,20:15,"8,684"
603,IndiGo,Chennai,New Delhi,13:00,18:30,"8,684"
604,IndiGo,Chennai,New Delhi,02:25,08:05,"8,684"
605,IndiGo,Chennai,New Delhi,13:25,19:15,"8,684"
606,IndiGo,Chennai,New Delhi,15:15,21:20,"8,684"
607,IndiGo,Chennai,New Delhi,01:50,08:00,"8,684"
608,IndiGo,Chennai,New Delhi,05:50,12:10,"8,684"
609,IndiGo,Chennai,New Delhi,12:45,19:15,"8,684"
610,IndiGo,Chennai,New Delhi,02:25,09:05,"8,684"
611,IndiGo,Chennai,New Delhi,09:15,15:55,"8,684"
612,IndiGo,Chennai,New Delhi,13:00,19:40,"8,684"
613,IndiGo,Chennai,New Delhi,13:25,20:15,"8,684"
614,IndiGo,Chennai,New Delhi,03:50,10:50,"8,684"
615,IndiGo,Chennai,New Delhi,11:30,18:30,"8,684"
616,IndiGo,Chennai,New Delhi,15:00,22:05,"8,684"
617,IndiGo,Chennai,New Delhi,07:55,15:10,"8,684"
618,Vistara,Chennai,New Delhi,17:25,20:15,"9,000"
619,Vistara,Chennai,New Delhi,19:55,22:45,"9,000"
620,IndiGo,Chennai,New Delhi,15:40,18:35,"9,419"
621,IndiGo,Chennai,New Delhi,19:30,"00:25
+ 1 day","9,608"
622,IndiGo,Chennai,New Delhi,18:00,"00:25
+ 1 day","9,608"
623,IndiGo,Chennai,New Delhi,12:45,20:15,"9,608"
624,Air Asia,Chennai,New Delhi,12:40,22:00,"9,945"
625,IndiGo,Chennai,New Delhi,05:20,10:20,"10,532"
626,IndiGo,Chennai,New Delhi,11:15,18:30,"12,433"
627,IndiGo,Chennai,New Delhi,15:20,20:55,"13,304"
628,Vistara,Chennai,New Delhi,06:00,11:50,"14,250"
629,Vistara,Chennai,New Delhi,16:45,23:05,"14,250"
630,Vistara,Chennai,New Delhi,15:30,23:05,"14,250"
631,Vistara,Chennai,New Delhi,14:20,23:05,"14,250"
632,Air India,Chennai,New Delhi,21:15,"07:25
+ 1 day","14,250"
633,Vistara,Chennai,New Delhi,12:50,23:05,"14,250"
634,Vistara,Chennai,New Delhi,11:40,23:05,"14,250"
635,Vistara,Chennai,New Delhi,10:20,23:05,"14,250"
636,Vistara,Chennai,New Delhi,09:30,23:05,"14,250"
637,Vistara,Chennai,New Delhi,08:50,23:05,"14,250"
638,Vistara,Chennai,New Delhi,07:30,23:05,"14,250"
639,Vistara,Chennai,New Delhi,16:45,"08:50
+ 1 day","14,250"
640,Vistara,Chennai,New Delhi,06:00,23:05,"14,250"
641,Vistara,Chennai,New Delhi,15:30,"08:50
+ 1 day","14,250"
642,Vistara,Chennai,New Delhi,14:20,"08:50
+ 1 day","14,250"
643,Air India,Chennai,New Delhi,07:00,"07:25
+ 1 day","14,250"
644,Air India,Chennai,New Delhi,20:00,"07:25
+ 1 day","14,460"
645,Air India,Chennai,New Delhi,06:50,19:15,"14,460"
646,Air India,Chennai,New Delhi,19:00,"07:25
+ 1 day","14,460"
647,Air India,Chennai,New Delhi,17:50,"07:25
+ 1 day","14,460"
648,Air India,Chennai,New Delhi,15:05,"07:25
+ 1 day","14,670"
649,Air India,Chennai,New Delhi,14:00,"07:25
+ 1 day","14,670"
650,Air India,Chennai,New Delhi,10:00,"07:25
+ 1 day","14,670"
651,Air India,Chennai,New Delhi,20:15,"19:15
+ 1 day","14,670"
652,Air India,Chennai,New Delhi,08:00,"07:25
+ 1 day","14,670"
653,Vistara,Chennai,New Delhi,17:45,23:05,"14,775"
654,Vistara,Chennai,New Delhi,21:30,"08:50
+ 1 day","14,775"
655,Vistara,Chennai,New Delhi,20:40,"08:50
+ 1 day","14,775"
656,Vistara,Chennai,New Delhi,19:45,"08:50
+ 1 day","14,775"
657,Vistara,Chennai,New Delhi,18:55,"08:50
+ 1 day","14,775"
658,Vistara,Chennai,New Delhi,17:45,"08:50
+ 1 day","14,775"
659,Vistara,Chennai,New Delhi,21:30,"19:50
+ 1 day","14,775"
660,Vistara,Chennai,New Delhi,20:40,"19:50
+ 1 day","14,775"
661,Vistara,Chennai,New Delhi,19:45,"19:50
+ 1 day","14,775"
662,Vistara,Chennai,New Delhi,18:55,"19:50
+ 1 day","14,775"
663,Air India,Chennai,New Delhi,16:15,19:30,"15,090"
664,Vistara,Chennai,New Delhi,14:20,19:50,"15,300"
665,Vistara,Chennai,New Delhi,12:50,19:50,"15,300"
666,Vistara,Chennai,New Delhi,11:40,19:50,"15,300"
667,Vistara,Chennai,New Delhi,10:20,19:50,"15,300"
668,Vistara,Chennai,New Delhi,09:30,19:50,"15,300"
669,Vistara,Chennai,New Delhi,08:50,19:50,"15,300"
670,Vistara,Chennai,New Delhi,07:30,19:50,"15,300"
671,Vistara,Chennai,New Delhi,06:00,19:50,"15,300"
672,Vistara,Chennai,New Delhi,21:30,"11:50
+ 1 day","15,300"
673,Vistara,Chennai,New Delhi,20:40,"11:50
+ 1 day","15,300"
674,Vistara,Chennai,New Delhi,19:45,"11:50
+ 1 day","15,300"
675,Vistara,Chennai,New Delhi,18:55,"11:50
+ 1 day","15,300"
676,Air India,Chennai,New Delhi,16:45,"19:15
+ 1 day","15,930"
677,Air India,Chennai,New Delhi,21:15,"10:55
+ 1 day","17,505"
678,Air India,Chennai,New Delhi,07:00,"10:55
+ 1 day","17,505"
679,Air India,Chennai,New Delhi,20:00,"10:55
+ 1 day","17,715"
680,Air India,Chennai,New Delhi,19:00,"10:55
+ 1 day","17,715"
681,Air India,Chennai,New Delhi,17:50,"10:55
+ 1 day","17,715"
682,Air India,Chennai,New Delhi,15:05,"10:55
+ 1 day","17,925"
683,Air India,Chennai,New Delhi,14:00,"10:55
+ 1 day","17,925"
684,Air India,Chennai,New Delhi,10:00,"10:55
+ 1 day","17,925"
685,Air India,Chennai,New Delhi,08:00,"10:55
+ 1 day","17,925"
686,Vistara,Chennai,New Delhi,13:20,23:05,"18,253"
687,Vistara,Chennai,New Delhi,11:45,23:05,"18,883"
688,Air Asia,Chennai,New Delhi,22:35,"09:20
+ 1 day","19,086"
689,Air Asia,Chennai,New Delhi,20:40,"09:20
+ 1 day","19,086"
690,Vistara,Chennai,New Delhi,14:15,23:05,"19,303"
691,SpiceJet,Chennai,New Delhi,06:30,18:25,"20,549"
692,Air India,Chennai,New Delhi,13:30,"07:25
+ 1 day","21,180"
693,Air India,Chennai,New Delhi,22:00,"10:55
+ 1 day","22,545"
694,Vistara,Chennai,New Delhi,14:10,23:05,"31,418"
695,SpiceJet,Chennai,New Delhi,18:25,21:10,"8,159"
696,IndiGo,Chennai,New Delhi,07:10,10:00,"8,159"
697,IndiGo,Chennai,New Delhi,08:30,11:20,"8,159"
698,IndiGo,Chennai,New Delhi,17:25,20:15,"8,159"
699,IndiGo,Chennai,New Delhi,20:30,23:20,"8,159"
700,SpiceJet,Chennai,New Delhi,05:45,08:50,"8,159"
701,Go First,Chennai,New Delhi,02:40,07:45,"8,159"
702,Air Asia,Chennai,New Delhi,09:35,17:15,"8,159"
703,Go First,Chennai,New Delhi,22:45,"07:45
+ 1 day","8,159"
704,SpiceJet,Chennai,New Delhi,10:20,20:05,"8,159"
705,Air Asia,Chennai,New Delhi,21:40,"07:40
+ 1 day","8,159"
706,Go First,Chennai,New Delhi,21:40,"07:45
+ 1 day","8,159"
707,Air Asia,Chennai,New Delhi,21:40,"08:15
+ 1 day","8,159"
708,Air Asia,Chennai,New Delhi,21:00,"07:40
+ 1 day","8,159"
709,Go First,Chennai,New Delhi,20:50,"07:45
+ 1 day","8,159"
710,SpiceJet,Chennai,New Delhi,07:05,18:20,"8,159"
711,SpiceJet,Chennai,New Delhi,20:00,"07:15
+ 1 day","8,159"
712,Air Asia,Chennai,New Delhi,21:00,"08:15
+ 1 day","8,159"
713,Air Asia,Chennai,New Delhi,22:35,"10:05
+ 1 day","8,159"
714,Go First,Chennai,New Delhi,18:40,"07:45
+ 1 day","8,159"
715,SpiceJet,Chennai,New Delhi,07:20,21:30,"8,159"
716,Go First,Chennai,New Delhi,15:45,"07:45
+ 1 day","8,159"
717,SpiceJet,Chennai,New Delhi,07:05,23:50,"8,159"
718,SpiceJet,Chennai,New Delhi,19:30,"18:20
+ 1 day","8,159"
719,SpiceJet,Chennai,New Delhi,21:40,"21:30
+ 1 day","8,159"
720,SpiceJet,Chennai,New Delhi,18:25,"18:20
+ 1 day","8,159"
721,SpiceJet,Chennai,New Delhi,06:05,"07:15
+ 1 day","8,159"
722,SpiceJet,Chennai,New Delhi,19:45,"21:30
+ 1 day","8,159"
723,SpiceJet,Chennai,New Delhi,18:55,"21:30
+ 1 day","8,159"
724,Air India,Chennai,New Delhi,20:40,23:35,"8,370"
725,Air Asia,Chennai,New Delhi,08:10,17:15,"8,455"
726,Vistara,Chennai,New Delhi,17:25,20:15,"8,580"
727,Vistara,Chennai,New Delhi,19:55,22:45,"8,580"
728,IndiGo,Chennai,New Delhi,19:10,22:10,"8,684"
729,IndiGo,Chennai,New Delhi,12:45,17:35,"8,684"
730,IndiGo,Chennai,New Delhi,19:30,"00:25
+ 1 day","8,684"
731,IndiGo,Chennai,New Delhi,05:20,10:20,"8,684"
732,IndiGo,Chennai,New Delhi,05:50,10:50,"8,684"
733,IndiGo,Chennai,New Delhi,07:20,12:25,"8,684"
734,IndiGo,Chennai,New Delhi,01:50,07:00,"8,684"
735,IndiGo,Chennai,New Delhi,03:50,09:05,"8,684"
736,IndiGo,Chennai,New Delhi,05:05,10:20,"8,684"
737,IndiGo,Chennai,New Delhi,06:55,12:10,"8,684"
738,IndiGo,Chennai,New Delhi,17:00,22:45,"8,684"
739,IndiGo,Chennai,New Delhi,13:25,19:15,"8,684"
740,IndiGo,Chennai,New Delhi,15:15,21:20,"8,684"
741,IndiGo,Chennai,New Delhi,01:50,08:00,"8,684"
742,IndiGo,Chennai,New Delhi,05:50,12:10,"8,684"
743,IndiGo,Chennai,New Delhi,18:00,"00:25
+ 1 day","8,684"
744,IndiGo,Chennai,New Delhi,12:45,19:15,"8,684"
745,IndiGo,Chennai,New Delhi,13:25,20:15,"8,684"
746,IndiGo,Chennai,New Delhi,03:50,10:50,"8,684"
747,IndiGo,Chennai,New Delhi,07:55,15:10,"8,684"
748,IndiGo,Chennai,New Delhi,23:05,"01:55
+ 1 day","8,999"
749,IndiGo,Chennai,New Delhi,09:50,12:45,"8,999"
750,IndiGo,Chennai,New Delhi,12:55,15:50,"8,999"
751,Vistara,Chennai,New Delhi,13:30,16:20,"9,420"
752,IndiGo,Chennai,New Delhi,15:00,20:15,"9,608"
753,IndiGo,Chennai,New Delhi,15:00,22:05,"9,608"
754,Air Asia,Chennai,New Delhi,12:40,22:00,"9,945"
755,IndiGo,Chennai,New Delhi,09:55,15:10,"10,532"
756,IndiGo,Chennai,New Delhi,15:20,20:55,"10,532"
757,IndiGo,Chennai,New Delhi,11:30,18:30,"10,532"
758,Vistara,Chennai,New Delhi,07:00,09:50,"10,995"
759,IndiGo,Chennai,New Delhi,13:45,20:35,"11,456"
760,IndiGo,Chennai,New Delhi,02:25,09:05,"12,254"
761,IndiGo,Chennai,New Delhi,13:00,18:30,"12,380"
762,IndiGo,Chennai,New Delhi,13:00,19:40,"12,380"
763,IndiGo,Chennai,New Delhi,09:15,15:55,"13,304"
764,Vistara,Chennai,New Delhi,17:45,23:05,"14,250"
765,Vistara,Chennai,New Delhi,14:20,19:50,"14,250"
766,Vistara,Chennai,New Delhi,16:45,23:05,"14,250"
767,Vistara,Chennai,New Delhi,12:50,19:50,"14,250"
768,Vistara,Chennai,New Delhi,15:30,23:05,"14,250"
769,Vistara,Chennai,New Delhi,11:40,19:50,"14,250"
770,Vistara,Chennai,New Delhi,14:20,23:05,"14,250"
771,Vistara,Chennai,New Delhi,10:20,19:50,"14,250"
772,Air India,Chennai,New Delhi,21:15,"07:25
+ 1 day","14,250"
773,Vistara,Chennai,New Delhi,12:50,23:05,"14,250"
774,Vistara,Chennai,New Delhi,09:30,19:50,"14,250"
775,Vistara,Chennai,New Delhi,08:50,19:50,"14,250"
776,Vistara,Chennai,New Delhi,11:40,23:05,"14,250"
777,Vistara,Chennai,New Delhi,20:40,"08:50
+ 1 day","14,250"
778,Vistara,Chennai,New Delhi,07:30,19:50,"14,250"
779,Vistara,Chennai,New Delhi,10:20,23:05,"14,250"
780,Vistara,Chennai,New Delhi,19:45,"08:50
+ 1 day","14,250"
781,Vistara,Chennai,New Delhi,09:30,23:05,"14,250"
782,Vistara,Chennai,New Delhi,06:00,19:50,"14,250"
783,Vistara,Chennai,New Delhi,18:55,"08:50
+ 1 day","14,250"
784,Vistara,Chennai,New Delhi,08:50,23:05,"14,250"
785,Vistara,Chennai,New Delhi,17:45,"08:50
+ 1 day","14,250"
786,Vistara,Chennai,New Delhi,20:40,"11:50
+ 1 day","14,250"
787,Vistara,Chennai,New Delhi,07:30,23:05,"14,250"
788,Vistara,Chennai,New Delhi,16:45,"08:50
+ 1 day","14,250"
789,Vistara,Chennai,New Delhi,19:45,"11:50
+ 1 day","14,250"
790,Vistara,Chennai,New Delhi,18:55,"11:50
+ 1 day","14,250"
791,Vistara,Chennai,New Delhi,06:00,23:05,"14,250"
792,Vistara,Chennai,New Delhi,15:30,"08:50
+ 1 day","14,250"
793,Vistara,Chennai,New Delhi,20:40,"19:50
+ 1 day","14,250"
794,Vistara,Chennai,New Delhi,19:45,"19:50
+ 1 day","14,250"
795,Vistara,Chennai,New Delhi,18:55,"19:50
+ 1 day","14,250"
796,Air India,Chennai,New Delhi,06:50,19:15,"14,460"
797,Air India,Chennai,New Delhi,08:00,"07:25
+ 1 day","14,460"
798,Air India,Chennai,New Delhi,07:00,"07:25
+ 1 day","14,460"
799,SpiceJet,Chennai,New Delhi,17:05,"00:15
+ 1 day","14,564"
800,Vistara,Chennai,New Delhi,06:00,11:50,"14,775"
801,Air India,Chennai,New Delhi,05:15,"19:15
+ 1 day","14,997"
802,Air India,Chennai,New Delhi,16:15,19:30,"15,090"
803,Air India,Chennai,New Delhi,20:00,"07:25
+ 1 day","15,300"
804,Air India,Chennai,New Delhi,19:00,"07:25
+ 1 day","15,300"
805,Air India,Chennai,New Delhi,15:05,"07:25
+ 1 day","15,300"
806,Air India,Chennai,New Delhi,10:00,"07:25
+ 1 day","15,300"
807,IndiGo,Chennai,New Delhi,15:40,18:35,"15,509"
808,Air India,Chennai,New Delhi,20:15,"19:15
+ 1 day","15,510"
809,Air India,Chennai,New Delhi,17:50,"07:25
+ 1 day","15,720"
810,Air India,Chennai,New Delhi,21:15,"10:55
+ 1 day","16,245"
811,Vistara,Chennai,New Delhi,21:30,"08:50
+ 1 day","16,350"
812,Vistara,Chennai,New Delhi,21:30,"11:50
+ 1 day","16,350"
813,Vistara,Chennai,New Delhi,21:30,"19:50
+ 1 day","16,350"
814,Air India,Chennai,New Delhi,08:00,"10:55
+ 1 day","16,455"
815,Air India,Chennai,New Delhi,07:00,"10:55
+ 1 day","16,455"
816,Air India,Chennai,New Delhi,14:00,"07:25
+ 1 day","16,875"
817,IndiGo,Chennai,New Delhi,11:15,18:30,"17,053"
818,Air India,Chennai,New Delhi,20:00,"10:55
+ 1 day","17,295"
819,Air India,Chennai,New Delhi,19:00,"10:55
+ 1 day","17,295"
820,Air India,Chennai,New Delhi,15:05,"10:55
+ 1 day","17,295"
821,Air India,Chennai,New Delhi,10:00,"10:55
+ 1 day","17,295"
822,Air India,Chennai,New Delhi,17:50,"10:55
+ 1 day","17,715"
823,Vistara,Chennai,New Delhi,13:20,23:05,"18,253"
824,Air India,Chennai,New Delhi,14:00,"10:55
+ 1 day","18,870"
825,Air Asia,Chennai,New Delhi,22:35,"09:20
+ 1 day","19,086"
826,Air Asia,Chennai,New Delhi,20:40,"09:20
+ 1 day","19,086"
827,Vistara,Chennai,New Delhi,14:15,23:05,"20,353"
828,Vistara,Chennai,New Delhi,11:45,23:05,"20,353"
829,Air India,Chennai,New Delhi,22:00,"10:55
+ 1 day","21,285"
830,Air India,Chennai,New Delhi,16:45,"19:15
+ 1 day","23,700"
831,SpiceJet,Chennai,New Delhi,06:30,18:25,"24,433"
832,Air India,Chennai,New Delhi,13:30,"07:25
+ 1 day","25,380"
833,Air India,Chennai,New Delhi,16:50,"07:25
+ 1 day","26,010"
834,Vistara,Chennai,New Delhi,14:10,23:05,"31,418"
835,Air India,Chennai,New Delhi,09:30,19:15,"33,990"
836,Air India,Chennai,New Delhi,05:30,"10:10
+ 1 day","41,307"
837,SpiceJet,Chennai,New Delhi,18:25,21:10,"8,159"
838,IndiGo,Chennai,New Delhi,07:10,10:00,"8,159"
839,IndiGo,Chennai,New Delhi,08:30,11:20,"8,159"
840,IndiGo,Chennai,New Delhi,17:25,20:15,"8,159"
841,IndiGo,Chennai,New Delhi,20:30,23:20,"8,159"
842,SpiceJet,Chennai,New Delhi,05:45,08:50,"8,159"
843,Go First,Chennai,New Delhi,02:40,07:45,"8,159"
844,Go First,Chennai,New Delhi,22:45,"07:45
+ 1 day","8,159"
845,SpiceJet,Chennai,New Delhi,10:20,20:05,"8,159"
846,Go First,Chennai,New Delhi,20:50,"07:45
+ 1 day","8,159"
847,SpiceJet,Chennai,New Delhi,07:05,18:20,"8,159"
848,SpiceJet,Chennai,New Delhi,20:00,"07:15
+ 1 day","8,159"
849,Air Asia,Chennai,New Delhi,22:35,"10:05
+ 1 day","8,159"
850,Go First,Chennai,New Delhi,19:50,"07:45
+ 1 day","8,159"
851,Go First,Chennai,New Delhi,18:40,"07:45
+ 1 day","8,159"
852,Air Asia,Chennai,New Delhi,20:40,"10:05
+ 1 day","8,159"
853,SpiceJet,Chennai,New Delhi,07:20,21:30,"8,159"
854,Go First,Chennai,New Delhi,15:45,"07:45
+ 1 day","8,159"
855,SpiceJet,Chennai,New Delhi,07:05,23:50,"8,159"
856,SpiceJet,Chennai,New Delhi,19:30,"18:20
+ 1 day","8,159"
857,SpiceJet,Chennai,New Delhi,21:40,"21:30
+ 1 day","8,159"
858,SpiceJet,Chennai,New Delhi,18:25,"18:20
+ 1 day","8,159"
859,SpiceJet,Chennai,New Delhi,06:05,"07:15
+ 1 day","8,159"
860,IndiGo,Chennai,New Delhi,09:50,12:45,"8,369"
861,Air India,Chennai,New Delhi,09:45,12:40,"8,370"
862,Air India,Chennai,New Delhi,20:40,23:35,"8,370"
863,Air Asia,Chennai,New Delhi,08:10,17:15,"8,455"
864,Air Asia,Chennai,New Delhi,12:40,22:00,"8,455"
865,Air Asia,Chennai,New Delhi,21:40,"08:15
+ 1 day","8,455"
866,Air Asia,Chennai,New Delhi,21:00,"08:15
+ 1 day","8,455"
867,Air Asia,Chennai,New Delhi,18:45,"08:15
+ 1 day","8,455"
868,Vistara,Chennai,New Delhi,17:25,20:15,"8,580"
869,SpiceJet,Chennai,New Delhi,18:55,"21:30
+ 1 day","8,789"
870,IndiGo,Chennai,New Delhi,23:05,"01:55
+ 1 day","8,999"
871,IndiGo,Chennai,New Delhi,12:55,15:50,"8,999"
872,IndiGo,Chennai,New Delhi,19:10,22:10,"8,999"
873,Vistara,Chennai,New Delhi,07:00,09:50,"9,000"
874,Vistara,Chennai,New Delhi,19:55,22:45,"9,000"
875,Air India,Chennai,New Delhi,05:55,08:55,"9,210"
876,Vistara,Chennai,New Delhi,13:30,16:20,"9,420"
877,IndiGo,Chennai,New Delhi,15:40,18:35,"9,839"
878,Air Asia,Chennai,New Delhi,09:35,17:15,"9,945"
879,Air India,Chennai,New Delhi,16:15,19:30,"11,310"
880,IndiGo,Chennai,New Delhi,05:05,10:20,"11,782"
881,IndiGo,Chennai,New Delhi,01:50,07:00,"11,992"
882,IndiGo,Chennai,New Delhi,01:50,08:00,"11,992"
883,IndiGo,Chennai,New Delhi,15:15,21:20,"12,412"
884,IndiGo,Chennai,New Delhi,12:45,17:35,"12,517"
885,IndiGo,Chennai,New Delhi,13:25,19:15,"12,517"
886,IndiGo,Chennai,New Delhi,18:00,"00:25
+ 1 day","12,517"
887,IndiGo,Chennai,New Delhi,12:45,19:15,"12,517"
888,IndiGo,Chennai,New Delhi,13:25,20:15,"12,517"
889,IndiGo,Chennai,New Delhi,07:55,15:10,"12,517"
890,IndiGo,Chennai,New Delhi,03:50,09:05,"12,569"
891,IndiGo,Chennai,New Delhi,03:50,10:50,"12,569"
892,IndiGo,Chennai,New Delhi,07:20,12:25,"12,727"
893,IndiGo,Chennai,New Delhi,05:50,10:50,"12,779"
894,IndiGo,Chennai,New Delhi,02:25,08:05,"12,779"
895,IndiGo,Chennai,New Delhi,05:50,12:10,"12,779"
896,IndiGo,Chennai,New Delhi,02:25,09:05,"12,779"
897,Vistara,Chennai,New Delhi,16:45,"08:50
+ 1 day","12,780"
898,Vistara,Chennai,New Delhi,16:45,"11:50
+ 1 day","12,780"
899,Vistara,Chennai,New Delhi,10:20,"08:50
+ 1 day","12,780"
900,Vistara,Chennai,New Delhi,09:30,"08:50
+ 1 day","12,780"
901,Vistara,Chennai,New Delhi,08:50,"08:50
+ 1 day","12,780"
902,Vistara,Chennai,New Delhi,07:30,"08:50
+ 1 day","12,780"
903,Vistara,Chennai,New Delhi,10:20,"11:50
+ 1 day","12,780"
904,IndiGo,Chennai,New Delhi,06:55,12:10,"12,989"
905,Air India,Chennai,New Delhi,07:00,"07:25
+ 1 day","12,990"
906,IndiGo,Chennai,New Delhi,05:20,10:20,"13,147"
907,Air India,Chennai,New Delhi,21:15,"07:25
+ 1 day","13,200"
908,Vistara,Chennai,New Delhi,20:40,"08:50
+ 1 day","13,305"
909,Vistara,Chennai,New Delhi,19:45,"08:50
+ 1 day","13,305"
910,Vistara,Chennai,New Delhi,18:55,"08:50
+ 1 day","13,305"
911,Vistara,Chennai,New Delhi,17:45,"08:50
+ 1 day","13,305"
912,Vistara,Chennai,New Delhi,20:40,"11:50
+ 1 day","13,305"
913,Vistara,Chennai,New Delhi,19:45,"11:50
+ 1 day","13,305"
914,Vistara,Chennai,New Delhi,18:55,"11:50
+ 1 day","13,305"
915,Vistara,Chennai,New Delhi,15:30,"08:50
+ 1 day","13,305"
916,Vistara,Chennai,New Delhi,17:45,"11:50
+ 1 day","13,305"
917,Vistara,Chennai,New Delhi,14:20,"08:50
+ 1 day","13,305"
918,Vistara,Chennai,New Delhi,12:50,"08:50
+ 1 day","13,305"
919,Vistara,Chennai,New Delhi,15:30,"11:50
+ 1 day","13,305"
920,Air India,Chennai,New Delhi,20:00,"07:25
+ 1 day","13,410"
921,Air India,Chennai,New Delhi,08:00,"07:25
+ 1 day","13,410"
922,SpiceJet,Chennai,New Delhi,19:45,"21:30
+ 1 day","13,587"
923,IndiGo,Chennai,New Delhi,19:30,"00:25
+ 1 day","13,672"
924,IndiGo,Chennai,New Delhi,09:55,15:10,"13,672"
925,IndiGo,Chennai,New Delhi,15:00,20:15,"13,672"
926,IndiGo,Chennai,New Delhi,15:00,22:05,"13,672"
927,Air India,Chennai,New Delhi,19:00,"07:25
+ 1 day","13,830"
928,Air India,Chennai,New Delhi,15:05,"07:25
+ 1 day","13,830"
929,Air India,Chennai,New Delhi,20:15,"19:15
+ 1 day","14,093"
930,IndiGo,Chennai,New Delhi,16:45,"00:05
+ 1 day","14,197"
931,Vistara,Chennai,New Delhi,16:45,23:05,"14,250"
932,Vistara,Chennai,New Delhi,10:20,19:50,"14,250"
933,Vistara,Chennai,New Delhi,09:30,19:50,"14,250"
934,Vistara,Chennai,New Delhi,08:50,19:50,"14,250"
935,Vistara,Chennai,New Delhi,07:30,19:50,"14,250"
936,Vistara,Chennai,New Delhi,10:20,23:05,"14,250"
937,Vistara,Chennai,New Delhi,09:30,23:05,"14,250"
938,Vistara,Chennai,New Delhi,08:50,23:05,"14,250"
939,Vistara,Chennai,New Delhi,07:30,23:05,"14,250"
940,Air India,Chennai,New Delhi,14:00,"07:25
+ 1 day","14,250"
941,Air India,Chennai,New Delhi,10:00,"07:25
+ 1 day","14,250"
942,Air India,Chennai,New Delhi,07:00,"10:55
+ 1 day","14,303"
943,Vistara,Chennai,New Delhi,21:30,"08:50
+ 1 day","14,355"
944,Vistara,Chennai,New Delhi,21:30,"11:50
+ 1 day","14,355"
945,Air India,Chennai,New Delhi,21:15,"10:55
+ 1 day","14,513"
946,Air India,Chennai,New Delhi,20:00,"10:55
+ 1 day","14,723"
947,Air India,Chennai,New Delhi,08:00,"10:55
+ 1 day","14,723"
948,Vistara,Chennai,New Delhi,17:45,23:05,"14,775"
949,Vistara,Chennai,New Delhi,14:20,19:50,"14,775"
950,Vistara,Chennai,New Delhi,12:50,19:50,"14,775"
951,Vistara,Chennai,New Delhi,15:30,23:05,"14,775"
952,Vistara,Chennai,New Delhi,11:40,19:50,"14,775"
953,Vistara,Chennai,New Delhi,14:20,23:05,"14,775"
954,Vistara,Chennai,New Delhi,12:50,23:05,"14,775"
955,Vistara,Chennai,New Delhi,11:40,23:05,"14,775"
956,Air India,Chennai,New Delhi,19:00,"10:55
+ 1 day","15,143"
957,Air India,Chennai,New Delhi,15:05,"10:55
+ 1 day","15,143"
958,Air India,Chennai,New Delhi,06:50,19:15,"15,300"
959,Air India,Chennai,New Delhi,16:45,"19:15
+ 1 day","15,353"
960,Air India,Chennai,New Delhi,17:50,"07:25
+ 1 day","15,405"
961,Air India,Chennai,New Delhi,14:00,"10:55
+ 1 day","15,563"
962,Air India,Chennai,New Delhi,10:00,"10:55
+ 1 day","15,563"
963,SpiceJet,Chennai,New Delhi,17:05,"00:15
+ 1 day","15,614"
964,IndiGo,Chennai,New Delhi,09:15,15:55,"16,192"
965,Air India,Chennai,New Delhi,17:50,"10:55
+ 1 day","16,718"
966,IndiGo,Chennai,New Delhi,15:20,20:55,"17,452"
967,SpiceJet,Chennai,New Delhi,09:20,"00:15
+ 1 day","17,714"
968,Vistara,Chennai,New Delhi,13:20,23:05,"18,253"
969,IndiGo,Chennai,New Delhi,13:00,18:30,"18,287"
970,IndiGo,Chennai,New Delhi,13:00,19:40,"18,287"
971,Air India,Chennai,New Delhi,22:00,"10:55
+ 1 day","18,608"
972,Air Asia,Chennai,New Delhi,22:35,"09:20
+ 1 day","18,716"
973,Air Asia,Chennai,New Delhi,20:40,"09:20
+ 1 day","18,716"
974,IndiGo,Chennai,New Delhi,11:30,18:30,"19,022"
975,IndiGo,Chennai,New Delhi,11:15,18:30,"19,793"
976,Vistara,Chennai,New Delhi,07:30,19:50,"19,891"
977,Vistara,Chennai,New Delhi,14:15,23:05,"21,298"
978,SpiceJet,Chennai,New Delhi,06:30,18:25,"22,753"
979,Air India,Chennai,New Delhi,13:30,"07:25
+ 1 day","26,640"
980,Air India,Chennai,New Delhi,05:30,"10:10
+ 1 day","30,912"
981,Air India,Chennai,New Delhi,09:30,19:15,"34,410"
982,IndiGo,Chennai,New Delhi,07:10,10:00,"6,899"
983,IndiGo,Chennai,New Delhi,08:30,11:20,"6,899"
984,IndiGo,Chennai,New Delhi,20:30,23:20,"6,899"
985,IndiGo,Chennai,New Delhi,23:05,"01:55
+ 1 day","6,899"
986,IndiGo,Chennai,New Delhi,09:50,12:45,"6,899"
987,IndiGo,Chennai,New Delhi,12:55,15:50,"6,899"
988,IndiGo,Chennai,New Delhi,19:10,22:10,"6,899"
989,SpiceJet,Chennai,New Delhi,05:45,08:50,"6,899"
990,Air India,Chennai,New Delhi,09:45,12:40,"6,900"
991,Air India,Chennai,New Delhi,20:40,23:35,"6,900"
992,Air India,Chennai,New Delhi,05:55,08:55,"6,900"
993,Air India,Chennai,New Delhi,16:15,19:30,"6,900"
994,SpiceJet,Chennai,New Delhi,18:25,21:10,"7,422"
995,IndiGo,Chennai,New Delhi,12:45,17:35,"7,424"
996,IndiGo,Chennai,New Delhi,05:20,10:20,"7,424"
997,IndiGo,Chennai,New Delhi,05:50,10:50,"7,424"
998,IndiGo,Chennai,New Delhi,07:20,12:25,"7,424"
999,IndiGo,Chennai,New Delhi,01:50,07:00,"7,424"
1000,IndiGo,Chennai,New Delhi,03:50,09:05,"7,424"
1001,IndiGo,Chennai,New Delhi,05:05,10:20,"7,424"
1002,IndiGo,Chennai,New Delhi,06:55,12:10,"7,424"
1003,IndiGo,Chennai,New Delhi,09:55,15:10,"7,424"
1004,IndiGo,Chennai,New Delhi,15:00,20:15,"7,424"
1005,IndiGo,Chennai,New Delhi,02:25,08:05,"7,424"
1006,IndiGo,Chennai,New Delhi,13:25,19:15,"7,424"
1007,IndiGo,Chennai,New Delhi,15:15,21:20,"7,424"
1008,IndiGo,Chennai,New Delhi,01:50,08:00,"7,424"
1009,IndiGo,Chennai,New Delhi,05:50,12:10,"7,424"
1010,IndiGo,Chennai,New Delhi,18:00,"00:25
+ 1 day","7,424"
1011,IndiGo,Chennai,New Delhi,12:45,19:15,"7,424"
1012,IndiGo,Chennai,New Delhi,02:25,09:05,"7,424"
1013,IndiGo,Chennai,New Delhi,13:25,20:15,"7,424"
1014,IndiGo,Chennai,New Delhi,03:50,10:50,"7,424"
1015,IndiGo,Chennai,New Delhi,15:00,22:05,"7,424"
1016,IndiGo,Chennai,New Delhi,07:55,15:10,"7,424"
1017,IndiGo,Chennai,New Delhi,12:45,20:15,"7,424"
1018,Vistara,Chennai,New Delhi,07:00,09:50,"7,635"
1019,Vistara,Chennai,New Delhi,19:55,22:45,"7,635"
1020,IndiGo,Chennai,New Delhi,17:25,20:15,"7,739"
1021,IndiGo,Chennai,New Delhi,15:40,18:35,"7,739"
1022,Air Asia,Chennai,New Delhi,09:35,17:15,"8,159"
1023,Air Asia,Chennai,New Delhi,08:10,17:15,"8,159"
1024,Air Asia,Chennai,New Delhi,12:40,22:00,"8,159"
1025,Air Asia,Chennai,New Delhi,21:40,"08:15
+ 1 day","8,159"
1026,Air Asia,Chennai,New Delhi,21:00,"08:15
+ 1 day","8,159"
1027,Air Asia,Chennai,New Delhi,22:35,"10:05
+ 1 day","8,159"
1028,Air Asia,Chennai,New Delhi,20:40,"10:05
+ 1 day","8,159"
1029,Air Asia,Chennai,New Delhi,18:45,"08:15
+ 1 day","8,159"
1030,IndiGo,Chennai,New Delhi,19:30,"00:25
+ 1 day","8,411"
1031,IndiGo,Chennai,New Delhi,13:00,19:40,"8,411"
1032,Vistara,Chennai,New Delhi,13:30,16:20,"8,580"
1033,Vistara,Chennai,New Delhi,17:25,20:15,"8,580"
1034,IndiGo,Chennai,New Delhi,13:00,18:30,"9,398"
1035,IndiGo,Chennai,New Delhi,09:15,15:55,"10,259"
1036,SpiceJet,Chennai,New Delhi,20:00,"07:15
+ 1 day","10,470"
1037,Go First,Chennai,New Delhi,02:40,07:45,"11,173"
1038,Go First,Chennai,New Delhi,22:45,"07:45
+ 1 day","11,173"
1039,SpiceJet,Chennai,New Delhi,21:40,"07:50
+ 1 day","11,173"
1040,Go First,Chennai,New Delhi,20:50,"07:45
+ 1 day","11,173"
1041,Go First,Chennai,New Delhi,20:45,"07:45
+ 1 day","11,173"
1042,Go First,Chennai,New Delhi,18:40,"07:45
+ 1 day","11,173"
1043,Go First,Chennai,New Delhi,15:45,"07:45
+ 1 day","11,173"
1044,SpiceJet,Chennai,New Delhi,21:40,"21:30
+ 1 day","11,173"
1045,IndiGo,Chennai,New Delhi,15:20,20:55,"11,204"
1046,IndiGo,Chennai,New Delhi,11:30,18:30,"11,204"
1047,Air India,Chennai,New Delhi,20:15,"19:15
+ 1 day","11,310"
1048,Vistara,Chennai,New Delhi,14:20,19:50,"11,520"
1049,Vistara,Chennai,New Delhi,12:50,19:50,"11,520"
1050,Vistara,Chennai,New Delhi,15:30,23:05,"11,520"
1051,Vistara,Chennai,New Delhi,11:40,19:50,"11,520"
1052,Vistara,Chennai,New Delhi,14:20,23:05,"11,520"
1053,Vistara,Chennai,New Delhi,10:20,19:50,"11,520"
1054,Vistara,Chennai,New Delhi,12:50,23:05,"11,520"
1055,Vistara,Chennai,New Delhi,09:30,19:50,"11,520"
1056,Vistara,Chennai,New Delhi,21:30,"08:50
+ 1 day","11,520"
1057,Vistara,Chennai,New Delhi,11:40,23:05,"11,520"
1058,Vistara,Chennai,New Delhi,20:40,"08:50
+ 1 day","11,520"
1059,Vistara,Chennai,New Delhi,10:20,23:05,"11,520"
1060,Vistara,Chennai,New Delhi,09:30,23:05,"11,520"
1061,Vistara,Chennai,New Delhi,21:30,"11:50
+ 1 day","11,520"
1062,Vistara,Chennai,New Delhi,20:40,"11:50
+ 1 day","11,520"
1063,Vistara,Chennai,New Delhi,15:30,"08:50
+ 1 day","11,520"
1064,SpiceJet,Chennai,New Delhi,18:55,"13:25
+ 1 day","11,520"
1065,Vistara,Chennai,New Delhi,21:30,"19:50
+ 1 day","11,520"
1066,Vistara,Chennai,New Delhi,20:40,"19:50
+ 1 day","11,520"
1067,Air India,Chennai,New Delhi,08:00,"07:25
+ 1 day","11,520"
1068,Air India,Chennai,New Delhi,07:00,"07:25
+ 1 day","11,520"
1069,Vistara,Chennai,New Delhi,16:45,23:05,"11,531"
1070,Vistara,Chennai,New Delhi,08:50,19:50,"11,531"
1071,Vistara,Chennai,New Delhi,08:50,23:05,"11,531"
1072,Vistara,Chennai,New Delhi,16:45,"08:50
+ 1 day","11,531"
1073,SpiceJet,Chennai,New Delhi,19:45,"07:50
+ 1 day","11,591"
1074,SpiceJet,Chennai,New Delhi,18:55,"07:50
+ 1 day","11,591"
1075,SpiceJet,Chennai,New Delhi,07:20,21:30,"11,591"
1076,IndiGo,Chennai,New Delhi,11:15,18:30,"11,631"
1077,Vistara,Chennai,New Delhi,19:45,"08:50
+ 1 day","11,730"
1078,Vistara,Chennai,New Delhi,19:45,"11:50
+ 1 day","11,730"
1079,Vistara,Chennai,New Delhi,19:45,"19:50
+ 1 day","11,730"
1080,SpiceJet,Chennai,New Delhi,07:05,18:20,"11,834"
1081,SpiceJet,Chennai,New Delhi,07:05,23:50,"11,834"
1082,SpiceJet,Chennai,New Delhi,19:30,"18:20
+ 1 day","11,834"
1083,SpiceJet,Chennai,New Delhi,18:25,"18:20
+ 1 day","11,834"
1084,Air India,Chennai,New Delhi,21:15,"07:25
+ 1 day","11,888"
1085,Air India,Chennai,New Delhi,20:00,"07:25
+ 1 day","11,888"
1086,Air India,Chennai,New Delhi,19:00,"07:25
+ 1 day","11,888"
1087,Air India,Chennai,New Delhi,17:50,"07:25
+ 1 day","11,888"
1088,Air India,Chennai,New Delhi,10:00,"07:25
+ 1 day","11,888"
1089,Vistara,Chennai,New Delhi,17:45,23:05,"11,940"
1090,Vistara,Chennai,New Delhi,07:30,19:50,"11,940"
1091,Vistara,Chennai,New Delhi,18:55,"08:50
+ 1 day","11,940"
1092,Vistara,Chennai,New Delhi,17:45,"08:50
+ 1 day","11,940"
1093,Vistara,Chennai,New Delhi,07:30,23:05,"11,940"
1094,Vistara,Chennai,New Delhi,18:55,"11:50
+ 1 day","11,940"
1095,Vistara,Chennai,New Delhi,18:55,"19:50
+ 1 day","11,940"
1096,Air India,Chennai,New Delhi,08:00,"10:55
+ 1 day","12,098"
1097,Air India,Chennai,New Delhi,07:00,"10:55
+ 1 day","12,098"
1098,SpiceJet,Chennai,New Delhi,17:05,"00:15
+ 1 day","12,360"
1099,SpiceJet,Chennai,New Delhi,09:20,"00:15
+ 1 day","12,360"
1100,Air India,Chennai,New Delhi,06:50,19:15,"12,413"
1101,Air India,Chennai,New Delhi,14:00,"07:25
+ 1 day","12,413"
1102,Air India,Chennai,New Delhi,16:45,"19:15
+ 1 day","12,413"
1103,Air India,Chennai,New Delhi,21:15,"10:55
+ 1 day","12,465"
1104,Air India,Chennai,New Delhi,20:00,"10:55
+ 1 day","12,465"
1105,Air India,Chennai,New Delhi,19:00,"10:55
+ 1 day","12,465"
1106,Air India,Chennai,New Delhi,17:50,"10:55
+ 1 day","12,465"
1107,Air India,Chennai,New Delhi,10:00,"10:55
+ 1 day","12,465"
1108,Air India,Chennai,New Delhi,15:05,"07:25
+ 1 day","12,938"
1109,Air India,Chennai,New Delhi,14:00,"10:55
+ 1 day","12,990"
1110,Air India,Chennai,New Delhi,15:05,"10:55
+ 1 day","13,515"
1111,Vistara,Chennai,New Delhi,06:00,11:50,"13,830"
1112,Vistara,Chennai,New Delhi,06:00,19:50,"13,830"
1113,Vistara,Chennai,New Delhi,06:00,23:05,"13,830"
1114,SpiceJet,Chennai,New Delhi,10:20,20:05,"15,178"
1115,Air India,Chennai,New Delhi,22:00,"10:55
+ 1 day","16,613"
1116,Vistara,Chennai,New Delhi,13:20,23:05,"17,098"
1117,Air Asia,Chennai,New Delhi,22:35,"09:20
+ 1 day","17,246"
1118,Air Asia,Chennai,New Delhi,20:40,"09:20
+ 1 day","17,246"
1119,Vistara,Chennai,New Delhi,14:15,23:05,"19,303"
1120,Vistara,Chennai,New Delhi,11:45,23:05,"19,303"
1121,Air India,Chennai,New Delhi,13:30,"07:25
+ 1 day","20,235"
1122,Air India,Chennai,New Delhi,17:15,"07:25
+ 1 day","20,445"
1123,Air India,Chennai,New Delhi,17:15,"10:55
+ 1 day","21,023"
1124,SpiceJet,Chennai,New Delhi,06:30,18:25,"23,489"
1125,Vistara,Chennai,New Delhi,14:10,23:05,"29,213"
1126,SpiceJet,Chennai,New Delhi,18:25,21:10,"6,899"
1127,IndiGo,Chennai,New Delhi,07:10,10:00,"6,899"
1128,IndiGo,Chennai,New Delhi,08:30,11:20,"6,899"
1129,IndiGo,Chennai,New Delhi,20:30,23:20,"6,899"
1130,IndiGo,Chennai,New Delhi,09:50,12:45,"6,899"
1131,IndiGo,Chennai,New Delhi,12:55,15:50,"6,899"
1132,IndiGo,Chennai,New Delhi,15:40,18:35,"6,899"
1133,SpiceJet,Chennai,New Delhi,05:45,08:50,"6,899"
1134,Vistara,Chennai,New Delhi,19:55,22:45,"6,900"
1135,Air India,Chennai,New Delhi,09:45,12:40,"6,900"
1136,Air India,Chennai,New Delhi,20:40,23:35,"6,900"
1137,Air India,Chennai,New Delhi,05:55,08:55,"6,900"
1138,Air India,Chennai,New Delhi,16:15,19:30,"6,900"
1139,Vistara,Chennai,New Delhi,07:00,09:50,"7,215"
1140,Vistara,Chennai,New Delhi,13:30,16:20,"7,215"
1141,IndiGo,Chennai,New Delhi,12:45,17:35,"7,424"
1142,IndiGo,Chennai,New Delhi,05:20,10:20,"7,424"
1143,IndiGo,Chennai,New Delhi,05:50,10:50,"7,424"
1144,IndiGo,Chennai,New Delhi,07:20,12:25,"7,424"
1145,IndiGo,Chennai,New Delhi,01:50,07:00,"7,424"
1146,IndiGo,Chennai,New Delhi,03:50,09:05,"7,424"
1147,IndiGo,Chennai,New Delhi,05:05,10:20,"7,424"
1148,IndiGo,Chennai,New Delhi,06:55,12:10,"7,424"
1149,IndiGo,Chennai,New Delhi,09:55,15:10,"7,424"
1150,IndiGo,Chennai,New Delhi,15:00,20:15,"7,424"
1151,IndiGo,Chennai,New Delhi,13:00,18:30,"7,424"
1152,IndiGo,Chennai,New Delhi,13:25,19:15,"7,424"
1153,IndiGo,Chennai,New Delhi,15:15,21:20,"7,424"
1154,IndiGo,Chennai,New Delhi,01:50,08:00,"7,424"
1155,IndiGo,Chennai,New Delhi,05:50,12:10,"7,424"
1156,IndiGo,Chennai,New Delhi,12:45,19:15,"7,424"
1157,IndiGo,Chennai,New Delhi,02:25,09:05,"7,424"
1158,IndiGo,Chennai,New Delhi,09:15,15:55,"7,424"
1159,IndiGo,Chennai,New Delhi,13:00,19:40,"7,424"
1160,IndiGo,Chennai,New Delhi,13:25,20:15,"7,424"
1161,IndiGo,Chennai,New Delhi,03:50,10:50,"7,424"
1162,IndiGo,Chennai,New Delhi,15:00,22:05,"7,424"
1163,IndiGo,Chennai,New Delhi,07:55,15:10,"7,424"
1164,IndiGo,Chennai,New Delhi,12:45,20:15,"7,424"
1165,IndiGo,Chennai,New Delhi,08:20,15:55,"7,424"
1166,Vistara,Chennai,New Delhi,17:25,20:15,"7,635"
1167,IndiGo,Chennai,New Delhi,19:10,22:10,"7,739"
1168,Air Asia,Chennai,New Delhi,09:35,17:15,"8,159"
1169,Air Asia,Chennai,New Delhi,08:10,17:15,"8,159"
1170,Air Asia,Chennai,New Delhi,12:40,22:00,"8,159"
1171,Air Asia,Chennai,New Delhi,21:40,"08:15
+ 1 day","8,159"
1172,Air Asia,Chennai,New Delhi,21:00,"08:15
+ 1 day","8,159"
1173,Air Asia,Chennai,New Delhi,22:35,"10:05
+ 1 day","8,159"
1174,Air Asia,Chennai,New Delhi,20:40,"10:05
+ 1 day","8,159"
1175,Air Asia,Chennai,New Delhi,18:45,"08:15
+ 1 day","8,159"
1176,IndiGo,Chennai,New Delhi,19:30,"00:25
+ 1 day","8,411"
1177,IndiGo,Chennai,New Delhi,18:00,"00:25
+ 1 day","8,411"
1178,IndiGo,Chennai,New Delhi,23:05,"01:55
+ 1 day","8,579"
1179,IndiGo,Chennai,New Delhi,11:15,18:30,"9,696"
1180,IndiGo,Chennai,New Delhi,15:20,20:55,"9,944"
1181,SpiceJet,Chennai,New Delhi,20:00,"07:15
+ 1 day","9,944"
1182,SpiceJet,Chennai,New Delhi,06:05,"07:15
+ 1 day","9,944"
1183,IndiGo,Chennai,New Delhi,11:30,18:30,"10,574"
1184,SpiceJet,Chennai,New Delhi,09:20,"00:15
+ 1 day","10,890"
1185,Go First,Chennai,New Delhi,02:40,07:45,"11,173"
1186,Go First,Chennai,New Delhi,22:45,"07:45
+ 1 day","11,173"
1187,Go First,Chennai,New Delhi,20:50,"07:45
+ 1 day","11,173"
1188,Go First,Chennai,New Delhi,20:45,"07:45
+ 1 day","11,173"
1189,Go First,Chennai,New Delhi,18:40,"07:45
+ 1 day","11,173"
1190,SpiceJet,Chennai,New Delhi,07:20,21:30,"11,173"
1191,Go First,Chennai,New Delhi,15:45,"07:45
+ 1 day","11,173"
1192,SpiceJet,Chennai,New Delhi,21:40,"21:30
+ 1 day","11,173"
1193,SpiceJet,Chennai,New Delhi,19:45,"21:30
+ 1 day","11,173"
1194,Vistara,Chennai,New Delhi,06:00,11:50,"11,310"
1195,Air India,Chennai,New Delhi,21:15,"07:25
+ 1 day","11,310"
1196,Vistara,Chennai,New Delhi,21:30,"08:50
+ 1 day","11,310"
1197,Air India,Chennai,New Delhi,20:00,"07:25
+ 1 day","11,310"
1198,Vistara,Chennai,New Delhi,06:00,19:50,"11,310"
1199,Vistara,Chennai,New Delhi,21:30,"11:50
+ 1 day","11,310"
1200,Vistara,Chennai,New Delhi,06:00,23:05,"11,310"
1201,Air India,Chennai,New Delhi,10:00,"07:25
+ 1 day","11,310"
1202,Vistara,Chennai,New Delhi,21:30,"19:50
+ 1 day","11,310"
1203,Air India,Chennai,New Delhi,20:15,"19:15
+ 1 day","11,310"
1204,Air India,Chennai,New Delhi,08:00,"07:25
+ 1 day","11,310"
1205,Air India,Chennai,New Delhi,07:00,"07:25
+ 1 day","11,310"
1206,Air India,Chennai,New Delhi,16:45,"19:15
+ 1 day","11,310"
1207,Vistara,Chennai,New Delhi,14:20,19:50,"11,520"
1208,Vistara,Chennai,New Delhi,12:50,19:50,"11,520"
1209,Vistara,Chennai,New Delhi,15:30,23:05,"11,520"
1210,Vistara,Chennai,New Delhi,11:40,19:50,"11,520"
1211,Vistara,Chennai,New Delhi,14:20,23:05,"11,520"
1212,Vistara,Chennai,New Delhi,10:20,19:50,"11,520"
1213,Vistara,Chennai,New Delhi,12:50,23:05,"11,520"
1214,Vistara,Chennai,New Delhi,09:30,19:50,"11,520"
1215,Vistara,Chennai,New Delhi,11:40,23:05,"11,520"
1216,Vistara,Chennai,New Delhi,20:40,"08:50
+ 1 day","11,520"
1217,Vistara,Chennai,New Delhi,10:20,23:05,"11,520"
1218,Vistara,Chennai,New Delhi,19:45,"08:50
+ 1 day","11,520"
1219,Vistara,Chennai,New Delhi,09:30,23:05,"11,520"
1220,Vistara,Chennai,New Delhi,20:40,"11:50
+ 1 day","11,520"
1221,Vistara,Chennai,New Delhi,19:45,"11:50
+ 1 day","11,520"
1222,Vistara,Chennai,New Delhi,15:30,"08:50
+ 1 day","11,520"
1223,SpiceJet,Chennai,New Delhi,18:55,"13:25
+ 1 day","11,520"
1224,Vistara,Chennai,New Delhi,20:40,"19:50
+ 1 day","11,520"
1225,Vistara,Chennai,New Delhi,19:45,"19:50
+ 1 day","11,520"
1226,Vistara,Chennai,New Delhi,16:45,23:05,"11,531"
1227,Vistara,Chennai,New Delhi,08:50,19:50,"11,531"
1228,Vistara,Chennai,New Delhi,07:30,19:50,"11,531"
1229,Vistara,Chennai,New Delhi,18:55,"08:50
+ 1 day","11,531"
1230,Vistara,Chennai,New Delhi,08:50,23:05,"11,531"
1231,Vistara,Chennai,New Delhi,07:30,23:05,"11,531"
1232,Vistara,Chennai,New Delhi,16:45,"08:50
+ 1 day","11,531"
1233,Vistara,Chennai,New Delhi,18:55,"11:50
+ 1 day","11,531"
1234,Vistara,Chennai,New Delhi,18:55,"19:50
+ 1 day","11,531"
1235,SpiceJet,Chennai,New Delhi,18:55,"21:30
+ 1 day","11,591"
1236,SpiceJet,Chennai,New Delhi,17:05,"00:15
+ 1 day","11,834"
1237,SpiceJet,Chennai,New Delhi,07:05,18:20,"11,834"
1238,SpiceJet,Chennai,New Delhi,07:05,23:50,"11,834"
1239,SpiceJet,Chennai,New Delhi,19:30,"18:20
+ 1 day","11,834"
1240,SpiceJet,Chennai,New Delhi,18:25,"18:20
+ 1 day","11,834"
1241,Air India,Chennai,New Delhi,19:00,"07:25
+ 1 day","11,888"
1242,Air India,Chennai,New Delhi,17:50,"07:25
+ 1 day","11,888"
1243,Air India,Chennai,New Delhi,15:05,"07:25
+ 1 day","11,888"
1244,Air India,Chennai,New Delhi,14:00,"07:25
+ 1 day","11,888"
1245,Vistara,Chennai,New Delhi,17:45,23:05,"12,360"
1246,Vistara,Chennai,New Delhi,17:45,"08:50
+ 1 day","12,360"
1247,Air India,Chennai,New Delhi,06:50,19:15,"12,413"
1248,Air India,Chennai,New Delhi,21:15,"10:55
+ 1 day","12,413"
1249,Air India,Chennai,New Delhi,20:00,"10:55
+ 1 day","12,413"
1250,Air India,Chennai,New Delhi,10:00,"10:55
+ 1 day","12,413"
1251,Air India,Chennai,New Delhi,08:00,"10:55
+ 1 day","12,413"
1252,Air India,Chennai,New Delhi,07:00,"10:55
+ 1 day","12,413"
1253,Air India,Chennai,New Delhi,19:00,"10:55
+ 1 day","12,990"
1254,Air India,Chennai,New Delhi,17:50,"10:55
+ 1 day","12,990"
1255,Air India,Chennai,New Delhi,15:05,"10:55
+ 1 day","12,990"
1256,Air India,Chennai,New Delhi,14:00,"10:55
+ 1 day","12,990"
1257,Air India,Chennai,New Delhi,05:15,"19:15
+ 1 day","13,023"
1258,SpiceJet,Chennai,New Delhi,10:20,20:05,"15,178"
1259,Vistara,Chennai,New Delhi,14:15,23:05,"16,153"
1260,Vistara,Chennai,New Delhi,11:45,23:05,"16,153"
1261,Vistara,Chennai,New Delhi,13:20,23:05,"17,098"
1262,Air India,Chennai,New Delhi,22:00,"10:55
+ 1 day","17,138"
1263,Air Asia,Chennai,New Delhi,22:35,"09:20
+ 1 day","17,246"
1264,Air Asia,Chennai,New Delhi,20:40,"09:20
+ 1 day","17,246"
1265,IndiGo,Chennai,New Delhi,17:25,20:15,"17,819"
1266,Air India,Chennai,New Delhi,09:30,19:15,"19,185"
1267,Air India,Chennai,New Delhi,16:50,"07:25
+ 1 day","23,280"
1268,Air India,Chennai,New Delhi,16:50,"10:55
+ 1 day","24,383"
1269,Vistara,Chennai,New Delhi,14:10,23:05,"27,585"
1270,SpiceJet,Chennai,New Delhi,18:25,21:10,"6,899"
1271,IndiGo,Chennai,New Delhi,07:10,10:00,"6,899"
1272,IndiGo,Chennai,New Delhi,08:30,11:20,"6,899"
1273,IndiGo,Chennai,New Delhi,09:50,12:45,"6,899"
1274,IndiGo,Chennai,New Delhi,12:55,15:50,"6,899"
1275,SpiceJet,Chennai,New Delhi,05:45,08:50,"6,899"
1276,Vistara,Chennai,New Delhi,19:55,22:45,"6,900"
1277,Air India,Chennai,New Delhi,09:45,12:40,"6,900"
1278,Air India,Chennai,New Delhi,20:40,23:35,"6,900"
1279,Air India,Chennai,New Delhi,16:15,19:30,"6,900"
1280,IndiGo,Chennai,New Delhi,15:40,18:35,"7,109"
1281,Vistara,Chennai,New Delhi,13:30,16:20,"7,215"
1282,IndiGo,Chennai,New Delhi,19:10,22:10,"7,424"
1283,IndiGo,Chennai,New Delhi,12:45,17:35,"7,424"
1284,IndiGo,Chennai,New Delhi,19:30,"00:25
+ 1 day","7,424"
1285,IndiGo,Chennai,New Delhi,05:20,10:20,"7,424"
1286,IndiGo,Chennai,New Delhi,05:50,10:50,"7,424"
1287,IndiGo,Chennai,New Delhi,07:20,12:25,"7,424"
1288,IndiGo,Chennai,New Delhi,01:50,07:00,"7,424"
1289,IndiGo,Chennai,New Delhi,03:50,09:05,"7,424"
1290,IndiGo,Chennai,New Delhi,05:05,10:20,"7,424"
1291,IndiGo,Chennai,New Delhi,06:55,12:10,"7,424"
1292,IndiGo,Chennai,New Delhi,09:55,15:10,"7,424"
1293,IndiGo,Chennai,New Delhi,15:00,20:15,"7,424"
1294,IndiGo,Chennai,New Delhi,13:00,18:30,"7,424"
1295,IndiGo,Chennai,New Delhi,02:25,08:05,"7,424"
1296,IndiGo,Chennai,New Delhi,13:25,19:15,"7,424"
1297,IndiGo,Chennai,New Delhi,15:15,21:20,"7,424"
1298,IndiGo,Chennai,New Delhi,01:50,08:00,"7,424"
1299,IndiGo,Chennai,New Delhi,05:50,12:10,"7,424"
1300,IndiGo,Chennai,New Delhi,12:45,19:15,"7,424"
1301,IndiGo,Chennai,New Delhi,02:25,09:05,"7,424"
1302,IndiGo,Chennai,New Delhi,09:15,15:55,"7,424"
1303,IndiGo,Chennai,New Delhi,13:00,19:40,"7,424"
1304,IndiGo,Chennai,New Delhi,13:25,20:15,"7,424"
1305,IndiGo,Chennai,New Delhi,03:50,10:50,"7,424"
1306,IndiGo,Chennai,New Delhi,15:00,22:05,"7,424"
1307,IndiGo,Chennai,New Delhi,07:55,15:10,"7,424"
1308,IndiGo,Chennai,New Delhi,12:45,20:15,"7,424"
1309,IndiGo,Chennai,New Delhi,20:30,23:20,"7,739"
1310,IndiGo,Chennai,New Delhi,23:05,"01:55
+ 1 day","8,159"
1311,Air Asia,Chennai,New Delhi,09:35,17:15,"8,159"
1312,Air Asia,Chennai,New Delhi,08:10,17:15,"8,159"
1313,Air Asia,Chennai,New Delhi,12:40,22:00,"8,159"
1314,Air Asia,Chennai,New Delhi,21:40,"08:15
+ 1 day","8,159"
1315,Air Asia,Chennai,New Delhi,21:00,"08:15
+ 1 day","8,159"
1316,Air Asia,Chennai,New Delhi,22:35,"10:05
+ 1 day","8,159"
1317,Air Asia,Chennai,New Delhi,20:40,"10:05
+ 1 day","8,159"
1318,Air Asia,Chennai,New Delhi,18:45,"08:15
+ 1 day","8,159"
1319,IndiGo,Chennai,New Delhi,18:00,"00:25
+ 1 day","8,411"
1320,Vistara,Chennai,New Delhi,17:25,20:15,"8,580"
1321,IndiGo,Chennai,New Delhi,11:15,18:30,"9,320"
1322,Vistara,Chennai,New Delhi,07:00,09:50,"9,420"
1323,IndiGo,Chennai,New Delhi,17:25,20:15,"9,524"
1324,SpiceJet,Chennai,New Delhi,20:00,"07:15
+ 1 day","9,944"
1325,IndiGo,Chennai,New Delhi,11:30,18:30,"10,259"
1326,IndiGo,Chennai,New Delhi,15:20,20:55,"10,364"
1327,SpiceJet,Chennai,New Delhi,09:20,"00:15
+ 1 day","10,890"
1328,Go First,Chennai,New Delhi,02:40,07:45,"11,173"
1329,Go First,Chennai,New Delhi,22:45,"07:45
+ 1 day","11,173"
1330,SpiceJet,Chennai,New Delhi,21:40,"07:50
+ 1 day","11,173"
1331,Go First,Chennai,New Delhi,20:50,"07:45
+ 1 day","11,173"
1332,Go First,Chennai,New Delhi,19:50,"07:45
+ 1 day","11,173"
1333,SpiceJet,Chennai,New Delhi,19:45,"07:50
+ 1 day","11,173"
1334,SpiceJet,Chennai,New Delhi,18:55,"07:50
+ 1 day","11,173"
1335,Go First,Chennai,New Delhi,18:40,"07:45
+ 1 day","11,173"
1336,SpiceJet,Chennai,New Delhi,07:20,21:30,"11,173"
1337,SpiceJet,Chennai,New Delhi,21:40,"21:30
+ 1 day","11,173"
1338,Vistara,Chennai,New Delhi,06:00,11:50,"11,310"
1339,SpiceJet,Chennai,New Delhi,17:05,"00:15
+ 1 day","11,310"
1340,Air India,Chennai,New Delhi,21:15,"07:25
+ 1 day","11,310"
1341,Air India,Chennai,New Delhi,19:00,"07:25
+ 1 day","11,310"
1342,Vistara,Chennai,New Delhi,06:00,19:50,"11,310"
1343,Vistara,Chennai,New Delhi,06:00,23:05,"11,310"
1344,Air India,Chennai,New Delhi,10:00,"07:25
+ 1 day","11,310"
1345,Air India,Chennai,New Delhi,20:15,"19:15
+ 1 day","11,310"
1346,Air India,Chennai,New Delhi,08:00,"07:25
+ 1 day","11,310"
1347,Air India,Chennai,New Delhi,07:00,"07:25
+ 1 day","11,310"
1348,Vistara,Chennai,New Delhi,14:20,19:50,"11,520"
1349,Vistara,Chennai,New Delhi,12:50,19:50,"11,520"
1350,Vistara,Chennai,New Delhi,15:30,23:05,"11,520"
1351,Vistara,Chennai,New Delhi,11:40,19:50,"11,520"
1352,Vistara,Chennai,New Delhi,14:20,23:05,"11,520"
1353,Vistara,Chennai,New Delhi,10:20,19:50,"11,520"
1354,Vistara,Chennai,New Delhi,12:50,23:05,"11,520"
1355,Vistara,Chennai,New Delhi,09:30,19:50,"11,520"
1356,Vistara,Chennai,New Delhi,21:30,"08:50
+ 1 day","11,520"
1357,Vistara,Chennai,New Delhi,11:40,23:05,"11,520"
1358,Vistara,Chennai,New Delhi,20:40,"08:50
+ 1 day","11,520"
1359,Vistara,Chennai,New Delhi,10:20,23:05,"11,520"
1360,Vistara,Chennai,New Delhi,19:45,"08:50
+ 1 day","11,520"
1361,Vistara,Chennai,New Delhi,09:30,23:05,"11,520"
1362,Vistara,Chennai,New Delhi,21:30,"11:50
+ 1 day","11,520"
1363,Vistara,Chennai,New Delhi,20:40,"11:50
+ 1 day","11,520"
1364,Vistara,Chennai,New Delhi,19:45,"11:50
+ 1 day","11,520"
1365,Vistara,Chennai,New Delhi,15:30,"08:50
+ 1 day","11,520"
1366,SpiceJet,Chennai,New Delhi,18:55,"13:25
+ 1 day","11,520"
1367,Vistara,Chennai,New Delhi,21:30,"19:50
+ 1 day","11,520"
1368,Vistara,Chennai,New Delhi,20:40,"19:50
+ 1 day","11,520"
1369,Vistara,Chennai,New Delhi,19:45,"19:50
+ 1 day","11,520"
1370,Vistara,Chennai,New Delhi,17:45,23:05,"11,531"
1371,Vistara,Chennai,New Delhi,16:45,23:05,"11,531"
1372,Vistara,Chennai,New Delhi,08:50,19:50,"11,531"
1373,Vistara,Chennai,New Delhi,07:30,19:50,"11,531"
1374,Vistara,Chennai,New Delhi,18:55,"08:50
+ 1 day","11,531"
1375,Vistara,Chennai,New Delhi,08:50,23:05,"11,531"
1376,Vistara,Chennai,New Delhi,17:45,"08:50
+ 1 day","11,531"
1377,Vistara,Chennai,New Delhi,07:30,23:05,"11,531"
1378,Vistara,Chennai,New Delhi,16:45,"08:50
+ 1 day","11,531"
1379,Vistara,Chennai,New Delhi,18:55,"11:50
+ 1 day","11,531"
1380,Vistara,Chennai,New Delhi,18:55,"19:50
+ 1 day","11,531"
1381,SpiceJet,Chennai,New Delhi,07:05,18:20,"11,834"
1382,SpiceJet,Chennai,New Delhi,07:05,23:50,"11,834"
1383,SpiceJet,Chennai,New Delhi,19:30,"18:20
+ 1 day","11,834"
1384,SpiceJet,Chennai,New Delhi,18:25,"18:20
+ 1 day","11,834"
1385,Air India,Chennai,New Delhi,20:00,"07:25
+ 1 day","11,888"
1386,Air India,Chennai,New Delhi,21:15,"10:55
+ 1 day","11,888"
1387,Air India,Chennai,New Delhi,19:00,"10:55
+ 1 day","11,888"
1388,Air India,Chennai,New Delhi,15:05,"07:25
+ 1 day","11,888"
1389,Air India,Chennai,New Delhi,14:00,"07:25
+ 1 day","11,888"
1390,Air India,Chennai,New Delhi,10:00,"10:55
+ 1 day","11,888"
1391,Air India,Chennai,New Delhi,08:00,"10:55
+ 1 day","11,888"
1392,Air India,Chennai,New Delhi,07:00,"10:55
+ 1 day","11,888"
1393,Air India,Chennai,New Delhi,17:50,"07:25
+ 1 day","12,413"
1394,Air India,Chennai,New Delhi,16:45,"19:15
+ 1 day","12,413"
1395,Air India,Chennai,New Delhi,20:00,"10:55
+ 1 day","12,465"
1396,Air India,Chennai,New Delhi,15:05,"10:55
+ 1 day","12,465"
1397,Air India,Chennai,New Delhi,14:00,"10:55
+ 1 day","12,465"
1398,Air India,Chennai,New Delhi,05:15,"19:15
+ 1 day","12,498"
1399,Air India,Chennai,New Delhi,17:50,"10:55
+ 1 day","12,990"
1400,Go First,Chennai,New Delhi,15:45,"07:45
+ 1 day","14,323"
1401,SpiceJet,Chennai,New Delhi,10:20,20:05,"14,548"
1402,Air India,Chennai,New Delhi,06:50,19:15,"15,458"
1403,Vistara,Chennai,New Delhi,11:45,23:05,"15,943"
1404,Vistara,Chennai,New Delhi,14:15,23:05,"16,153"
1405,Air India,Chennai,New Delhi,22:00,"10:55
+ 1 day","16,613"
1406,Air India,Chennai,New Delhi,13:30,"07:25
+ 1 day","17,085"
1407,Air Asia,Chennai,New Delhi,22:35,"09:20
+ 1 day","17,246"
1408,Air Asia,Chennai,New Delhi,20:40,"09:20
+ 1 day","17,246"
1409,Vistara,Chennai,New Delhi,13:20,23:05,"18,148"
1410,SpiceJet,Chennai,New Delhi,06:30,18:25,"18,607"
1411,Vistara,Chennai,New Delhi,14:10,23:05,"26,430"
1412,SpiceJet,Chennai,New Delhi,18:25,21:10,"6,899"
1413,IndiGo,Chennai,New Delhi,07:10,10:00,"6,899"
1414,IndiGo,Chennai,New Delhi,08:30,11:20,"6,899"
1415,IndiGo,Chennai,New Delhi,17:25,20:15,"6,899"
1416,IndiGo,Chennai,New Delhi,20:30,23:20,"6,899"
1417,IndiGo,Chennai,New Delhi,09:50,12:45,"6,899"
1418,IndiGo,Chennai,New Delhi,12:55,15:50,"6,899"
1419,IndiGo,Chennai,New Delhi,15:40,18:35,"6,899"
1420,IndiGo,Chennai,New Delhi,19:10,22:10,"6,899"
1421,SpiceJet,Chennai,New Delhi,05:45,08:50,"6,899"
1422,Air India,Chennai,New Delhi,09:45,12:40,"6,900"
1423,Air India,Chennai,New Delhi,20:40,23:35,"6,900"
1424,Air India,Chennai,New Delhi,05:55,08:55,"6,900"
1425,Air India,Chennai,New Delhi,16:15,19:30,"6,900"
1426,Vistara,Chennai,New Delhi,17:25,20:15,"7,215"
1427,IndiGo,Chennai,New Delhi,12:45,17:35,"7,424"
1428,IndiGo,Chennai,New Delhi,19:30,"00:25
+ 1 day","7,424"
1429,IndiGo,Chennai,New Delhi,05:20,10:20,"7,424"
1430,IndiGo,Chennai,New Delhi,05:50,10:50,"7,424"
1431,IndiGo,Chennai,New Delhi,07:20,12:25,"7,424"
1432,IndiGo,Chennai,New Delhi,01:50,07:00,"7,424"
1433,IndiGo,Chennai,New Delhi,03:50,09:05,"7,424"
1434,IndiGo,Chennai,New Delhi,05:05,10:20,"7,424"
1435,IndiGo,Chennai,New Delhi,06:55,12:10,"7,424"
1436,IndiGo,Chennai,New Delhi,09:55,15:10,"7,424"
1437,IndiGo,Chennai,New Delhi,15:00,20:15,"7,424"
1438,IndiGo,Chennai,New Delhi,13:00,18:30,"7,424"
1439,IndiGo,Chennai,New Delhi,17:00,22:45,"7,424"
1440,IndiGo,Chennai,New Delhi,13:25,19:15,"7,424"
1441,IndiGo,Chennai,New Delhi,15:15,21:20,"7,424"
1442,IndiGo,Chennai,New Delhi,01:50,08:00,"7,424"
1443,IndiGo,Chennai,New Delhi,05:50,12:10,"7,424"
1444,IndiGo,Chennai,New Delhi,12:45,19:15,"7,424"
1445,IndiGo,Chennai,New Delhi,02:25,09:05,"7,424"
1446,IndiGo,Chennai,New Delhi,09:15,15:55,"7,424"
1447,IndiGo,Chennai,New Delhi,13:00,19:40,"7,424"
1448,IndiGo,Chennai,New Delhi,13:25,20:15,"7,424"
1449,IndiGo,Chennai,New Delhi,03:50,10:50,"7,424"
1450,IndiGo,Chennai,New Delhi,11:30,18:30,"7,424"
1451,IndiGo,Chennai,New Delhi,15:00,22:05,"7,424"
1452,IndiGo,Chennai,New Delhi,07:55,15:10,"7,424"
1453,IndiGo,Chennai,New Delhi,12:45,20:15,"7,424"
1454,IndiGo,Chennai,New Delhi,11:15,18:30,"7,477"
1455,Vistara,Chennai,New Delhi,07:00,09:50,"7,635"
1456,Vistara,Chennai,New Delhi,19:55,22:45,"7,635"
1457,IndiGo,Chennai,New Delhi,23:05,"01:55
+ 1 day","8,159"
1458,Air Asia,Chennai,New Delhi,09:35,17:15,"8,159"
1459,Air Asia,Chennai,New Delhi,08:10,17:15,"8,159"
1460,Air Asia,Chennai,New Delhi,12:40,22:00,"8,159"
1461,Air Asia,Chennai,New Delhi,21:40,"08:15
+ 1 day","8,159"
1462,Air Asia,Chennai,New Delhi,21:00,"08:15
+ 1 day","8,159"
1463,Air Asia,Chennai,New Delhi,22:35,"10:05
+ 1 day","8,159"
1464,Air Asia,Chennai,New Delhi,20:40,"10:05
+ 1 day","8,159"
1465,Air Asia,Chennai,New Delhi,18:45,"08:15
+ 1 day","8,159"
1466,IndiGo,Chennai,New Delhi,18:00,"00:25
+ 1 day","8,411"
1467,Vistara,Chennai,New Delhi,13:30,16:20,"8,580"
1468,SpiceJet,Chennai,New Delhi,20:00,"07:15
+ 1 day","9,944"
1469,SpiceJet,Chennai,New Delhi,06:05,"07:15
+ 1 day","9,944"
1470,IndiGo,Chennai,New Delhi,15:20,20:55,"10,364"
1471,SpiceJet,Chennai,New Delhi,09:20,"00:15
+ 1 day","10,470"
1472,SpiceJet,Chennai,New Delhi,17:05,"00:15
+ 1 day","10,890"
1473,Go First,Chennai,New Delhi,02:40,07:45,"11,173"
1474,Go First,Chennai,New Delhi,22:45,"07:45
+ 1 day","11,173"
1475,Go First,Chennai,New Delhi,20:50,"07:45
+ 1 day","11,173"
1476,Go First,Chennai,New Delhi,20:00,"07:45
+ 1 day","11,173"
1477,Go First,Chennai,New Delhi,18:40,"07:45
+ 1 day","11,173"
1478,SpiceJet,Chennai,New Delhi,07:20,21:30,"11,173"
1479,Go First,Chennai,New Delhi,15:45,"07:45
+ 1 day","11,173"
1480,SpiceJet,Chennai,New Delhi,21:40,"21:30
+ 1 day","11,173"
1481,SpiceJet,Chennai,New Delhi,19:45,"21:30
+ 1 day","11,173"
1482,Vistara,Chennai,New Delhi,06:00,11:50,"11,310"
1483,Air India,Chennai,New Delhi,21:15,"07:25
+ 1 day","11,310"
1484,Vistara,Chennai,New Delhi,21:30,"08:50
+ 1 day","11,310"
1485,Air India,Chennai,New Delhi,20:00,"07:25
+ 1 day","11,310"
1486,Air India,Chennai,New Delhi,19:00,"07:25
+ 1 day","11,310"
1487,Vistara,Chennai,New Delhi,06:00,19:50,"11,310"
1488,Vistara,Chennai,New Delhi,21:30,"11:50
+ 1 day","11,310"
1489,Vistara,Chennai,New Delhi,06:00,23:05,"11,310"
1490,Vistara,Chennai,New Delhi,21:30,"19:50
+ 1 day","11,310"
1491,Air India,Chennai,New Delhi,08:00,"07:25
+ 1 day","11,310"
1492,Air India,Chennai,New Delhi,07:00,"07:25
+ 1 day","11,310"
1493,Vistara,Chennai,New Delhi,14:20,19:50,"11,520"
1494,Vistara,Chennai,New Delhi,12:50,19:50,"11,520"
1495,Vistara,Chennai,New Delhi,15:30,23:05,"11,520"
1496,Vistara,Chennai,New Delhi,11:40,19:50,"11,520"
1497,Vistara,Chennai,New Delhi,14:20,23:05,"11,520"
1498,Vistara,Chennai,New Delhi,12:50,23:05,"11,520"
1499,Vistara,Chennai,New Delhi,09:30,19:50,"11,520"
1500,Vistara,Chennai,New Delhi,11:40,23:05,"11,520"
1501,Vistara,Chennai,New Delhi,20:40,"08:50
+ 1 day","11,520"
1502,Vistara,Chennai,New Delhi,19:45,"08:50
+ 1 day","11,520"
1503,Vistara,Chennai,New Delhi,09:30,23:05,"11,520"
1504,Vistara,Chennai,New Delhi,20:40,"11:50
+ 1 day","11,520"
1505,Vistara,Chennai,New Delhi,19:45,"11:50
+ 1 day","11,520"
1506,Vistara,Chennai,New Delhi,15:30,"08:50
+ 1 day","11,520"
1507,SpiceJet,Chennai,New Delhi,18:55,"13:25
+ 1 day","11,520"
1508,Air India,Chennai,New Delhi,20:15,"19:15
+ 1 day","11,520"
1509,Vistara,Chennai,New Delhi,20:40,"19:50
+ 1 day","11,520"
1510,Vistara,Chennai,New Delhi,19:45,"19:50
+ 1 day","11,520"
1511,Vistara,Chennai,New Delhi,16:45,23:05,"11,531"
1512,Vistara,Chennai,New Delhi,08:50,19:50,"11,531"
1513,Vistara,Chennai,New Delhi,07:30,19:50,"11,531"
1514,Vistara,Chennai,New Delhi,18:55,"08:50
+ 1 day","11,531"
1515,Vistara,Chennai,New Delhi,08:50,23:05,"11,531"
1516,Vistara,Chennai,New Delhi,07:30,23:05,"11,531"
1517,Vistara,Chennai,New Delhi,16:45,"08:50
+ 1 day","11,531"
1518,Vistara,Chennai,New Delhi,18:55,"11:50
+ 1 day","11,531"
1519,Vistara,Chennai,New Delhi,18:55,"19:50
+ 1 day","11,531"
1520,SpiceJet,Chennai,New Delhi,18:55,"21:30
+ 1 day","11,591"
1521,Vistara,Chennai,New Delhi,10:20,19:50,"11,730"
1522,Vistara,Chennai,New Delhi,10:20,23:05,"11,730"
1523,SpiceJet,Chennai,New Delhi,07:05,18:20,"11,834"
1524,SpiceJet,Chennai,New Delhi,07:05,23:50,"11,834"
1525,SpiceJet,Chennai,New Delhi,19:30,"18:20
+ 1 day","11,834"
1526,SpiceJet,Chennai,New Delhi,18:25,"18:20
+ 1 day","11,834"
1527,Air India,Chennai,New Delhi,17:50,"07:25
+ 1 day","11,888"
1528,Air India,Chennai,New Delhi,21:15,"10:55
+ 1 day","11,888"
1529,Air India,Chennai,New Delhi,20:00,"10:55
+ 1 day","11,888"
1530,Air India,Chennai,New Delhi,19:00,"10:55
+ 1 day","11,888"
1531,Air India,Chennai,New Delhi,15:05,"07:25
+ 1 day","11,888"
1532,Air India,Chennai,New Delhi,08:00,"10:55
+ 1 day","11,888"
1533,Air India,Chennai,New Delhi,07:00,"10:55
+ 1 day","11,888"
1534,Air India,Chennai,New Delhi,16:45,"19:15
+ 1 day","12,098"
1535,Vistara,Chennai,New Delhi,17:45,23:05,"12,360"
1536,Vistara,Chennai,New Delhi,17:45,"08:50
+ 1 day","12,360"
1537,Air India,Chennai,New Delhi,14:00,"07:25
+ 1 day","12,413"
1538,Air India,Chennai,New Delhi,17:50,"10:55
+ 1 day","12,465"
1539,Air India,Chennai,New Delhi,15:05,"10:55
+ 1 day","12,465"
1540,Air India,Chennai,New Delhi,06:50,19:15,"12,938"
1541,Air India,Chennai,New Delhi,10:00,"07:25
+ 1 day","12,938"
1542,Air India,Chennai,New Delhi,14:00,"10:55
+ 1 day","12,990"
1543,Air India,Chennai,New Delhi,10:00,"10:55
+ 1 day","13,515"
1544,SpiceJet,Chennai,New Delhi,10:20,20:05,"14,548"
1545,Vistara,Chennai,New Delhi,11:45,23:05,"15,302"
1546,Vistara,Chennai,New Delhi,14:15,23:05,"15,512"
1547,Vistara,Chennai,New Delhi,13:20,23:05,"16,258"
1548,Air India,Chennai,New Delhi,22:00,"10:55
+ 1 day","16,613"
1549,Air Asia,Chennai,New Delhi,22:35,"09:20
+ 1 day","17,246"
1550,Air Asia,Chennai,New Delhi,20:40,"09:20
+ 1 day","17,246"
1551,Air India,Chennai,New Delhi,09:30,19:15,"17,610"
1552,SpiceJet,Chennai,New Delhi,06:30,18:25,"18,553"
1553,Vistara,Chennai,New Delhi,14:10,23:05,"27,585"
